"timestamp","sensor.sigen_consumed_power","sensor.sigen_ess_charge_discharge_power","sensor.sigen_grid_sensor_export_power","sensor.sigen_grid_sensor_import_power","sensor.sigen_pv_power"
"2025-09-16T12:00:00.000Z","0.672","0","0","0.672","0"
"2025-09-16T12:01:00.000Z","0.685",,,"0.685",
"2025-09-16T12:02:00.000Z","0.669",,,"0.669",
"2025-09-16T12:03:00.000Z","0.684",,,"0.684",
"2025-09-16T12:04:00.000Z","0.748",,,"0.748",
"2025-09-16T12:05:00.000Z","0.792",,,"0.792",
"2025-09-16T12:06:00.000Z","0.734",,,"0.734",
"2025-09-16T12:07:00.000Z","0.707",,,"0.707",
"2025-09-16T12:08:00.000Z","0.731",,,"0.731",
"2025-09-16T12:09:00.000Z","0.734",,,"0.734",
"2025-09-16T12:10:00.000Z","0.715",,,"0.715",
"2025-09-16T12:11:00.000Z","0.719",,,"0.719",
"2025-09-16T12:12:00.000Z","0.738",,,"0.738",
"2025-09-16T12:13:00.000Z","0.72",,,"0.72",
"2025-09-16T12:14:00.000Z","0.74",,,"0.74",
"2025-09-16T12:15:00.000Z","0.722",,,"0.722",
"2025-09-16T12:16:00.000Z","0.722",,,"0.722",
"2025-09-16T12:17:00.000Z","0.721",,,"0.721",
"2025-09-16T12:18:00.000Z","0.722",,,"0.722",
"2025-09-16T12:19:00.000Z","0.718",,,"0.718",
"2025-09-16T12:20:00.000Z","0.829",,,"0.829",
"2025-09-16T12:21:00.000Z","0.787",,,"0.787",
"2025-09-16T12:22:00.000Z","0.739",,,"0.739",
"2025-09-16T12:23:00.000Z","0.728",,,"0.728",
"2025-09-16T12:24:00.000Z","0.726",,,"0.726",
"2025-09-16T12:25:00.000Z","0.729",,,"0.729",
"2025-09-16T12:26:00.000Z","0.678",,,"0.678",
"2025-09-16T12:27:00.000Z","0.684",,,"0.684",
"2025-09-16T12:28:00.000Z","0.676",,,"0.676",
"2025-09-16T12:29:00.000Z","0.676",,,"0.676",
"2025-09-16T12:30:00.000Z","0.674",,,"0.674",
"2025-09-16T12:31:00.000Z","0.676",,,"0.676",
"2025-09-16T12:32:00.000Z","0.689",,,"0.689",
"2025-09-16T12:33:00.000Z","0.679",,,"0.679",
"2025-09-16T12:34:00.000Z","0.678",,,"0.678",
"2025-09-16T12:35:00.000Z","0.687",,,"0.687",
"2025-09-16T12:36:00.000Z","0.753",,,"0.753",
"2025-09-16T12:37:00.000Z","0.718",,,"0.718",
"2025-09-16T12:38:00.000Z","0.588",,,"0.588",
"2025-09-16T12:39:00.000Z","0.59",,,"0.59",
"2025-09-16T12:40:00.000Z","0.584",,,"0.584",
"2025-09-16T12:41:00.000Z","0.601",,,"0.601",
"2025-09-16T12:42:00.000Z","0.591",,,"0.591",
"2025-09-16T12:43:00.000Z","0.601",,,"0.601",
"2025-09-16T12:44:00.000Z","0.599",,,"0.599",
"2025-09-16T12:45:00.000Z","0.615",,,"0.615",
"2025-09-16T12:46:00.000Z","0.635",,,"0.635",
"2025-09-16T12:47:00.000Z","0.624",,,"0.624",
"2025-09-16T12:48:00.000Z","0.636",,,"0.636",
"2025-09-16T12:49:00.000Z","0.65",,,"0.65",
"2025-09-16T12:50:00.000Z","0.64",,,"0.64",
"2025-09-16T12:51:00.000Z","0.637",,,"0.637",
"2025-09-16T12:52:00.000Z","0.693",,,"0.693",
"2025-09-16T12:53:00.000Z","0.72",,,"0.72",
"2025-09-16T12:54:00.000Z","0.641",,,"0.641",
"2025-09-16T12:55:00.000Z","0.647",,,"0.647",
"2025-09-16T12:56:00.000Z","0.647",,,"0.647",
"2025-09-16T12:57:00.000Z","0.644",,,"0.644",
"2025-09-16T12:58:00.000Z","0.635",,,"0.635",
"2025-09-16T12:59:00.000Z","0.655",,,"0.655",
"2025-09-16T13:00:00.000Z","0.639",,,"0.639",
"2025-09-16T13:01:00.000Z","0.639",,,"0.639",
"2025-09-16T13:02:00.000Z","0.638",,,"0.638",
"2025-09-16T13:03:00.000Z","0.646",,,"0.646",
"2025-09-16T13:04:00.000Z","0.638",,,"0.638",
"2025-09-16T13:05:00.000Z","0.637",,,"0.637",
"2025-09-16T13:06:00.000Z","0.641",,,"0.641",
"2025-09-16T13:07:00.000Z","0.638",,,"0.638",
"2025-09-16T13:08:00.000Z","0.694",,,"0.694",
"2025-09-16T13:09:00.000Z","0.659",,,"0.659",
"2025-09-16T13:10:00.000Z","0.594",,,"0.594",
"2025-09-16T13:11:00.000Z","0.596",,,"0.596",
"2025-09-16T13:12:00.000Z","0.588",,,"0.588",
"2025-09-16T13:13:00.000Z","0.59",,,"0.59",
"2025-09-16T13:14:00.000Z","0.586",,,"0.586",
"2025-09-16T13:15:00.000Z","0.601",,,"0.601",
"2025-09-16T13:16:00.000Z","0.581",,,"0.581",
"2025-09-16T13:17:00.000Z","0.597",,,"0.597",
"2025-09-16T13:18:00.000Z","0.588",,,"0.588",
"2025-09-16T13:19:00.000Z","0.604",,,"0.604",
"2025-09-16T13:20:00.000Z","0.587",,,"0.587",
"2025-09-16T13:21:00.000Z","0.597",,,"0.597",
"2025-09-16T13:22:00.000Z","0.586",,,"0.586",
"2025-09-16T13:23:00.000Z","0.591",,,"0.591",
"2025-09-16T13:24:00.000Z","0.656",,,"0.656",
"2025-09-16T13:25:00.000Z","0.654",,,"0.654",
"2025-09-16T13:26:00.000Z","0.589",,,"0.589",
"2025-09-16T13:27:00.000Z","0.615",,,"0.615",
"2025-09-16T13:28:00.000Z","0.627",,,"0.627",
"2025-09-16T13:29:00.000Z","0.614",,,"0.614",
"2025-09-16T13:30:00.000Z","0.643",,,"0.643",
"2025-09-16T13:31:00.000Z","0.627",,,"0.627",
"2025-09-16T13:32:00.000Z","0.635",,,"0.635",
"2025-09-16T13:33:00.000Z","0.632",,,"0.632",
"2025-09-16T13:34:00.000Z","0.641",,,"0.641",
"2025-09-16T13:35:00.000Z","0.629",,,"0.629",
"2025-09-16T13:36:00.000Z","0.634",,,"0.634",
"2025-09-16T13:37:00.000Z","0.654",,,"0.654",
"2025-09-16T13:38:00.000Z","0.636",,,"0.636",
"2025-09-16T13:39:00.000Z","0.641",,,"0.641",
"2025-09-16T13:40:00.000Z","0.72",,,"0.72",
"2025-09-16T13:41:00.000Z","0.697",,,"0.697",
"2025-09-16T13:42:00.000Z","0.639",,,"0.639",
"2025-09-16T13:43:00.000Z","0.65",,,"0.65",
"2025-09-16T13:44:00.000Z","0.65",,,"0.65",
"2025-09-16T13:45:00.000Z","0.709",,,"0.709",
"2025-09-16T13:46:00.000Z","0.733",,,"0.733",
"2025-09-16T13:47:00.000Z","0.735",,,"0.735",
"2025-09-16T13:48:00.000Z","0.749",,,"0.749",
"2025-09-16T13:49:00.000Z","0.686",,,"0.686",
"2025-09-16T13:50:00.000Z","0.698",,,"0.698",
"2025-09-16T13:51:00.000Z","0.685",,,"0.685",
"2025-09-16T13:52:00.000Z","0.688",,,"0.688",
"2025-09-16T13:53:00.000Z","0.681",,,"0.681",
"2025-09-16T13:54:00.000Z","0.692",,,"0.692",
"2025-09-16T13:55:00.000Z","0.698",,,"0.698",
"2025-09-16T13:56:00.000Z","0.74",,,"0.74",
"2025-09-16T13:57:00.000Z","0.759",,,"0.759",
"2025-09-16T13:58:00.000Z","0.69",,,"0.69",
"2025-09-16T13:59:00.000Z","0.706",,,"0.706",
"2025-09-16T14:00:00.000Z","0.68",,,"0.68",
"2025-09-16T14:01:00.000Z","0.696",,,"0.696",
"2025-09-16T14:02:00.000Z","0.684",,,"0.684",
"2025-09-16T14:03:00.000Z","0.695",,,"0.695",
"2025-09-16T14:04:00.000Z","0.682",,,"0.682",
"2025-09-16T14:05:00.000Z","0.677",,,"0.677",
"2025-09-16T14:06:00.000Z","0.679",,,"0.679",
"2025-09-16T14:07:00.000Z","0.692",,,"0.692",
"2025-09-16T14:08:00.000Z","0.724",,,"0.724",
"2025-09-16T14:09:00.000Z","0.729",,,"0.729",
"2025-09-16T14:10:00.000Z","0.715",,,"0.715",
"2025-09-16T14:11:00.000Z","0.736",,,"0.736",
"2025-09-16T14:12:00.000Z","0.799",,,"0.799",
"2025-09-16T14:13:00.000Z","0.8",,,"0.8",
"2025-09-16T14:14:00.000Z","0.734",,,"0.734",
"2025-09-16T14:15:00.000Z","0.733",,,"0.733",
"2025-09-16T14:16:00.000Z","0.735",,,"0.735",
"2025-09-16T14:17:00.000Z","0.737",,,"0.737",
"2025-09-16T14:18:00.000Z","0.734",,,"0.734",
"2025-09-16T14:19:00.000Z","0.744",,,"0.744",
"2025-09-16T14:20:00.000Z","0.735",,,"0.735",
"2025-09-16T14:21:00.000Z","0.728",,,"0.728",
"2025-09-16T14:22:00.000Z","0.736",,,"0.736",
"2025-09-16T14:23:00.000Z","0.752",,,"0.752",
"2025-09-16T14:24:00.000Z","0.725",,,"0.725",
"2025-09-16T14:25:00.000Z","0.719",,,"0.719",
"2025-09-16T14:26:00.000Z","0.718",,,"0.718",
"2025-09-16T14:27:00.000Z","0.716",,,"0.716",
"2025-09-16T14:28:00.000Z","0.764",,,"0.764",
"2025-09-16T14:29:00.000Z","0.733",,,"0.733",
"2025-09-16T14:30:00.000Z","0.665",,,"0.665",
"2025-09-16T14:31:00.000Z","0.6",,,"0.6",
"2025-09-16T14:32:00.000Z","0.576",,,"0.576",
"2025-09-16T14:33:00.000Z","0.578",,,"0.578",
"2025-09-16T14:34:00.000Z","0.578",,,"0.578",
"2025-09-16T14:35:00.000Z","0.583",,,"0.583",
"2025-09-16T14:36:00.000Z","0.574",,,"0.574",
"2025-09-16T14:37:00.000Z","0.575",,,"0.575",
"2025-09-16T14:38:00.000Z","0.573",,,"0.573",
"2025-09-16T14:39:00.000Z","0.577",,,"0.577",
"2025-09-16T14:40:00.000Z","0.574",,,"0.574",
"2025-09-16T14:41:00.000Z","0.568",,,"0.568",
"2025-09-16T14:42:00.000Z","0.578",,,"0.578",
"2025-09-16T14:43:00.000Z","0.576",,,"0.576",
"2025-09-16T14:44:00.000Z","0.655",,,"0.655",
"2025-09-16T14:45:00.000Z","0.644",,,"0.644",
"2025-09-16T14:46:00.000Z","0.584",,,"0.584",
"2025-09-16T14:47:00.000Z","0.579",,,"0.579",
"2025-09-16T14:48:00.000Z","0.601",,,"0.601",
"2025-09-16T14:49:00.000Z","0.607",,,"0.607",
"2025-09-16T14:50:00.000Z","0.612",,,"0.612",
"2025-09-16T14:51:00.000Z","0.621",,,"0.621",
"2025-09-16T14:52:00.000Z","0.627",,,"0.627",
"2025-09-16T14:53:00.000Z","0.629",,,"0.629",
"2025-09-16T14:54:00.000Z","0.627",,,"0.627",
"2025-09-16T14:55:00.000Z","0.629",,,"0.629",
"2025-09-16T14:56:00.000Z","0.628",,,"0.628",
"2025-09-16T14:57:00.000Z","0.628",,,"0.628",
"2025-09-16T14:58:00.000Z","0.629",,,"0.629",
"2025-09-16T14:59:00.000Z","0.628",,,"0.628",
"2025-09-16T15:00:00.000Z","0.704",,,"0.704",
"2025-09-16T15:01:00.000Z","0.705",,,"0.705",
"2025-09-16T15:02:00.000Z","0.637",,,"0.637",
"2025-09-16T15:03:00.000Z","0.64",,,"0.64",
"2025-09-16T15:04:00.000Z","0.636",,,"0.636",
"2025-09-16T15:05:00.000Z","0.634",,,"0.634",
"2025-09-16T15:06:00.000Z","0.636",,,"0.636",
"2025-09-16T15:07:00.000Z","0.619",,,"0.619",
"2025-09-16T15:08:00.000Z","0.575",,,"0.575",
"2025-09-16T15:09:00.000Z","0.577",,,"0.577",
"2025-09-16T15:10:00.000Z","0.574",,,"0.574",
"2025-09-16T15:11:00.000Z","0.578",,,"0.578",
"2025-09-16T15:12:00.000Z","0.568",,,"0.568",
"2025-09-16T15:13:00.000Z","0.578",,,"0.578",
"2025-09-16T15:14:00.000Z","0.581",,,"0.581",
"2025-09-16T15:15:00.000Z","0.581",,,"0.581",
"2025-09-16T15:16:00.000Z","0.647",,,"0.647",
"2025-09-16T15:17:00.000Z","0.637",,,"0.637",
"2025-09-16T15:18:00.000Z","0.576",,,"0.576",
"2025-09-16T15:19:00.000Z","0.577",,,"0.577",
"2025-09-16T15:20:00.000Z","0.576",,,"0.576",
"2025-09-16T15:21:00.000Z","0.58",,,"0.58",
"2025-09-16T15:22:00.000Z","0.575",,,"0.575",
"2025-09-16T15:23:00.000Z","0.578",,,"0.578",
"2025-09-16T15:24:00.000Z","0.577",,,"0.577",
"2025-09-16T15:25:00.000Z","0.577",,,"0.577",
"2025-09-16T15:26:00.000Z","0.577",,,"0.577",
"2025-09-16T15:27:00.000Z","0.59",,,"0.59",
"2025-09-16T15:28:00.000Z","0.6",,,"0.6",
"2025-09-16T15:29:00.000Z","0.605",,,"0.605",
"2025-09-16T15:30:00.000Z","0.613",,,"0.613",
"2025-09-16T15:31:00.000Z","0.615",,,"0.615",
"2025-09-16T15:32:00.000Z","0.676",,,"0.676",
"2025-09-16T15:33:00.000Z","0.688",,,"0.688",
"2025-09-16T15:34:00.000Z","0.625",,,"0.625",
"2025-09-16T15:35:00.000Z","0.625",,,"0.625",
"2025-09-16T15:36:00.000Z","0.629",,,"0.629",
"2025-09-16T15:37:00.000Z","0.628",,,"0.628",
"2025-09-16T15:38:00.000Z","0.63",,,"0.63",
"2025-09-16T15:39:00.000Z","0.628",,,"0.628",
"2025-09-16T15:40:00.000Z","0.704",,,"0.704",
"2025-09-16T15:41:00.000Z","0.725",,,"0.725",
"2025-09-16T15:42:00.000Z","0.728",,,"0.728",
"2025-09-16T15:43:00.000Z","0.728",,,"0.728",
"2025-09-16T15:44:00.000Z","0.736",,,"0.736",
"2025-09-16T15:45:00.000Z","0.73",,,"0.73",
"2025-09-16T15:46:00.000Z","0.716",,,"0.716",
"2025-09-16T15:47:00.000Z","0.679",,,"0.679",
"2025-09-16T15:48:00.000Z","0.737",,,"0.737",
"2025-09-16T15:49:00.000Z","0.739",,,"0.739",
"2025-09-16T15:50:00.000Z","0.677",,,"0.677",
"2025-09-16T15:51:00.000Z","0.682",,,"0.682",
"2025-09-16T15:52:00.000Z","0.679",,,"0.679",
"2025-09-16T15:53:00.000Z","0.672",,,"0.672",
"2025-09-16T15:54:00.000Z","0.673",,,"0.673",
"2025-09-16T15:55:00.000Z","0.677",,,"0.677",
"2025-09-16T15:56:00.000Z","0.675",,,"0.675",
"2025-09-16T15:57:00.000Z","0.675",,,"0.675",
"2025-09-16T15:58:00.000Z","0.674",,,"0.674",
"2025-09-16T15:59:00.000Z","0.67",,,"0.67",
"2025-09-16T16:00:00.000Z","0.669",,,"0.669",
"2025-09-16T16:01:00.000Z","0.669",,,"0.669",
"2025-09-16T16:02:00.000Z","0.669",,,"0.669",
"2025-09-16T16:03:00.000Z","0.666",,,"0.666",
"2025-09-16T16:04:00.000Z","0.73",,,"0.73",
"2025-09-16T16:05:00.000Z","0.732",,,"0.732",
"2025-09-16T16:06:00.000Z","0.681",,,"0.681",
"2025-09-16T16:07:00.000Z","0.692",,,"0.692",
"2025-09-16T16:08:00.000Z","0.699",,,"0.699",
"2025-09-16T16:09:00.000Z","0.71",,,"0.71",
"2025-09-16T16:10:00.000Z","0.716",,,"0.716",
"2025-09-16T16:11:00.000Z","0.715",,,"0.715",
"2025-09-16T16:12:00.000Z","0.721",,,"0.721",
"2025-09-16T16:13:00.000Z","0.722",,,"0.722",
"2025-09-16T16:14:00.000Z","0.716",,,"0.716",
"2025-09-16T16:15:00.000Z","0.724",,,"0.724",
"2025-09-16T16:16:00.000Z","0.72",,,"0.72",
"2025-09-16T16:17:00.000Z","0.718",,,"0.718",
"2025-09-16T16:18:00.000Z","0.718",,,"0.718",
"2025-09-16T16:19:00.000Z","0.723",,,"0.723",
"2025-09-16T16:20:00.000Z","0.787",,,"0.787",
"2025-09-16T16:21:00.000Z","0.781",,,"0.781",
"2025-09-16T16:22:00.000Z","0.718",,,"0.718",
"2025-09-16T16:23:00.000Z","0.716",,,"0.716",
"2025-09-16T16:24:00.000Z","0.712",,,"0.712",
"2025-09-16T16:25:00.000Z","0.693",,,"0.693",
"2025-09-16T16:26:00.000Z","0.643",,,"0.643",
"2025-09-16T16:27:00.000Z","0.579",,,"0.579",
"2025-09-16T16:28:00.000Z","0.578",,,"0.578",
"2025-09-16T16:29:00.000Z","0.577",,,"0.577",
"2025-09-16T16:30:00.000Z","0.58",,,"0.58",
"2025-09-16T16:31:00.000Z","0.576",,,"0.576",
"2025-09-16T16:32:00.000Z","0.577",,,"0.577",
"2025-09-16T16:33:00.000Z","0.578",,,"0.578",
"2025-09-16T16:34:00.000Z","0.577",,,"0.577",
"2025-09-16T16:35:00.000Z","0.576",,,"0.576",
"2025-09-16T16:36:00.000Z","0.656",,,"0.656",
"2025-09-16T16:37:00.000Z","0.63",,,"0.63",
"2025-09-16T16:38:00.000Z","0.577",,,"0.577",
"2025-09-16T16:39:00.000Z","0.576",,,"0.576",
"2025-09-16T16:40:00.000Z","0.575",,,"0.575",
"2025-09-16T16:41:00.000Z","0.576",,,"0.576",
"2025-09-16T16:42:00.000Z","0.575",,,"0.575",
"2025-09-16T16:43:00.000Z","0.577",,,"0.577",
"2025-09-16T16:44:00.000Z","0.578",,,"0.578",
"2025-09-16T16:45:00.000Z","0.591",,,"0.591",
"2025-09-16T16:46:00.000Z","0.61",,,"0.61",
"2025-09-16T16:47:00.000Z","0.613",,,"0.613",
"2025-09-16T16:48:00.000Z","0.619",,,"0.619",
"2025-09-16T16:49:00.000Z","0.628",,,"0.628",
"2025-09-16T16:50:00.000Z","0.63",,,"0.63",
"2025-09-16T16:51:00.000Z","0.633",,,"0.633",
"2025-09-16T16:52:00.000Z","0.698",,,"0.698",
"2025-09-16T16:53:00.000Z","0.691",,,"0.691",
"2025-09-16T16:54:00.000Z","0.632",,,"0.632",
"2025-09-16T16:55:00.000Z","0.633",,,"0.633",
"2025-09-16T16:56:00.000Z","0.632",,,"0.632",
"2025-09-16T16:57:00.000Z","0.633",,,"0.633",
"2025-09-16T16:58:00.000Z","0.631",,,"0.631",
"2025-09-16T16:59:00.000Z","0.63",,,"0.63",
"2025-09-16T17:00:00.000Z","0.69",,,"0.69",
"2025-09-16T17:01:00.000Z","0.727",,,"0.727",
"2025-09-16T17:02:00.000Z","0.723",,,"0.723",
"2025-09-16T17:03:00.000Z","0.701",,,"0.701",
"2025-09-16T17:04:00.000Z","0.669",,,"0.669",
"2025-09-16T17:05:00.000Z","0.68",,,"0.68",
"2025-09-16T17:06:00.000Z","0.651",,,"0.651",
"2025-09-16T17:07:00.000Z","0.672",,,"0.672",
"2025-09-16T17:08:00.000Z","0.743",,,"0.743",
"2025-09-16T17:09:00.000Z","0.702",,,"0.702",
"2025-09-16T17:10:00.000Z","0.647",,,"0.647",
"2025-09-16T17:11:00.000Z","0.651",,,"0.651",
"2025-09-16T17:12:00.000Z","0.659",,,"0.659",
"2025-09-16T17:13:00.000Z","0.653",,,"0.653",
"2025-09-16T17:14:00.000Z","0.671",,,"0.671",
"2025-09-16T17:15:00.000Z","0.684",,,"0.684",
"2025-09-16T17:16:00.000Z","0.643",,,"0.643",
"2025-09-16T17:17:00.000Z","0.646",,,"0.646",
"2025-09-16T17:18:00.000Z","0.687",,,"0.687",
"2025-09-16T17:19:00.000Z","0.637",,,"0.637",
"2025-09-16T17:20:00.000Z","0.678",,,"0.678",
"2025-09-16T17:21:00.000Z","0.661",,,"0.661",
"2025-09-16T17:22:00.000Z","0.657",,,"0.657",
"2025-09-16T17:23:00.000Z","0.69",,,"0.69",
"2025-09-16T17:24:00.000Z","0.765",,,"0.765",
"2025-09-16T17:25:00.000Z","0.742",,,"0.742",
"2025-09-16T17:26:00.000Z","0.67",,,"0.67",
"2025-09-16T17:27:00.000Z","0.693",,,"0.693",
"2025-09-16T17:28:00.000Z","0.685",,,"0.685",
"2025-09-16T17:29:00.000Z","0.677",,,"0.677",
"2025-09-16T17:30:00.000Z","0.718",,,"0.718",
"2025-09-16T17:31:00.000Z","0.691",,,"0.691",
"2025-09-16T17:32:00.000Z","0.687",,,"0.687",
"2025-09-16T17:33:00.000Z","0.71",,,"0.71",
"2025-09-16T17:34:00.000Z","0.713",,,"0.713",
"2025-09-16T17:35:00.000Z","0.706",,,"0.706",
"2025-09-16T17:36:00.000Z","0.707",,,"0.707",
"2025-09-16T17:37:00.000Z","0.694",,,"0.694",
"2025-09-16T17:38:00.000Z","0.818",,,"0.818",
"2025-09-16T17:39:00.000Z","0.819",,,"0.819",
"2025-09-16T17:40:00.000Z","0.873",,,"0.873",
"2025-09-16T17:41:00.000Z","0.848",,,"0.848",
"2025-09-16T17:42:00.000Z","0.751",,,"0.751",
"2025-09-16T17:43:00.000Z","0.734",,,"0.734",
"2025-09-16T17:44:00.000Z","0.765",,,"0.765",
"2025-09-16T17:45:00.000Z","0.993",,,"0.993",
"2025-09-16T17:46:00.000Z","1.381",,,"1.381",
"2025-09-16T17:47:00.000Z","1.377",,,"1.377",
"2025-09-16T17:48:00.000Z","1.383",,,"1.383",
"2025-09-16T17:49:00.000Z","1.388",,,"1.388",
"2025-09-16T17:50:00.000Z","1.379",,,"1.379",
"2025-09-16T17:51:00.000Z","1.373",,,"1.373",
"2025-09-16T17:52:00.000Z","1.408",,,"1.408",
"2025-09-16T17:53:00.000Z","1.39",,,"1.39",
"2025-09-16T17:54:00.000Z","1.383",,,"1.383",
"2025-09-16T17:55:00.000Z","1.383",,,"1.383",
"2025-09-16T17:56:00.000Z","1.454",,,"1.454",
"2025-09-16T17:57:00.000Z","1.434",,,"1.434",
"2025-09-16T17:58:00.000Z","1.367",,,"1.367",
"2025-09-16T17:59:00.000Z","1.372",,,"1.372",
"2025-09-16T18:00:00.000Z","1.429",,,"1.401","0.045"
"2025-09-16T18:01:00.000Z","1.385",,,"1.37","0.024"
"2025-09-16T18:02:00.000Z","1.391",,,"1.375","0.032"
"2025-09-16T18:03:00.000Z","1.427",,,"1.391","0.044"
"2025-09-16T18:04:00.000Z","1.462",,,"1.412","0.067"
"2025-09-16T18:05:00.000Z","1.479",,,"1.415","0.064"
"2025-09-16T18:06:00.000Z","1.49",,,"1.43","0.055"
"2025-09-16T18:07:00.000Z","1.517",,,"1.431","0.09"
"2025-09-16T18:08:00.000Z","1.532",,,"1.432","0.102"
"2025-09-16T18:09:00.000Z","1.564",,,"1.431","0.121"
"2025-09-16T18:10:00.000Z","1.546",,,"1.409","0.126"
"2025-09-16T18:11:00.000Z","1.544",,,"1.424","0.127"
"2025-09-16T18:12:00.000Z","1.656",,,"1.526","0.128"
"2025-09-16T18:13:00.000Z","1.629",,,"1.504","0.13"
"2025-09-16T18:14:00.000Z","1.572",,,"1.433","0.131"
"2025-09-16T18:15:00.000Z","1.595",,,"1.447","0.134"
"2025-09-16T18:16:00.000Z","1.562",,,"1.434","0.136"
"2025-09-16T18:17:00.000Z","1.574",,,"1.443","0.136"
"2025-09-16T18:18:00.000Z","1.559",,,"1.426","0.137"
"2025-09-16T18:19:00.000Z","1.595",,,"1.44","0.138"
"2025-09-16T18:20:00.000Z","1.572",,,"1.435","0.139"
"2025-09-16T18:21:00.000Z","1.54",,,"1.394","0.141"
"2025-09-16T18:22:00.000Z","1.518",,,"1.375","0.144"
"2025-09-16T18:23:00.000Z","1.521",,,"1.376","0.147"
"2025-09-16T18:24:00.000Z","1.439",,,"1.298","0.149"
"2025-09-16T18:25:00.000Z","1.439",,,"1.277","0.155"
"2025-09-16T18:26:00.000Z","1.46",,,"1.294","0.159"
"2025-09-16T18:27:00.000Z","1.406",,,"1.242","0.164"
"2025-09-16T18:28:00.000Z","1.526",,,"1.357","0.166"
"2025-09-16T18:29:00.000Z","1.493",,,"1.326","0.171"
"2025-09-16T18:30:00.000Z","1.442",,,"1.275","0.176"
"2025-09-16T18:31:00.000Z","1.466",,,"1.287","0.18"
"2025-09-16T18:32:00.000Z","1.455",,,"1.274","0.185"
"2025-09-16T18:33:00.000Z","1.447",,,"1.254","0.187"
"2025-09-16T18:34:00.000Z","1.455",,,"1.255","0.193"
"2025-09-16T18:35:00.000Z","1.431",,,"1.235","0.194"
"2025-09-16T18:36:00.000Z","1.411",,,"1.217","0.199"
"2025-09-16T18:37:00.000Z","1.429",,,"1.218","0.202"
"2025-09-16T18:38:00.000Z","1.426",,,"1.209","0.207"
"2025-09-16T18:39:00.000Z","1.446",,,"1.231","0.208"
"2025-09-16T18:40:00.000Z","1.446",,,"1.238","0.213"
"2025-09-16T18:41:00.000Z","1.476",,,"1.256","0.217"
"2025-09-16T18:42:00.000Z","1.453",,,"1.236","0.22"
"2025-09-16T18:43:00.000Z","1.476",,,"1.254","0.222"
"2025-09-16T18:44:00.000Z","1.551",,,"1.325","0.226"
"2025-09-16T18:45:00.000Z","1.549",,,"1.33","0.226"
"2025-09-16T18:46:00.000Z","1.477",,,"1.252","0.231"
"2025-09-16T18:47:00.000Z","1.497",,,"1.252","0.234"
"2025-09-16T18:48:00.000Z","1.503",,,"1.257","0.236"
"2025-09-16T18:49:00.000Z","1.496",,,"1.265","0.239"
"2025-09-16T18:50:00.000Z","1.509",,,"1.255","0.242"
"2025-09-16T18:51:00.000Z","1.457",,,"1.213","0.244"
"2025-09-16T18:52:00.000Z","1.46",,,"1.232","0.246"
"2025-09-16T18:53:00.000Z","1.473",,,"1.222","0.25"
"2025-09-16T18:54:00.000Z","1.484",,,"1.228","0.255"
"2025-09-16T18:55:00.000Z","1.464",,,"1.22","0.258"
"2025-09-16T18:56:00.000Z","1.469",,,"1.205","0.263"
"2025-09-16T18:57:00.000Z","1.565",,,"1.302","0.263"
"2025-09-16T18:58:00.000Z","1.553",,,"1.278","0.264"
"2025-09-16T18:59:00.000Z","1.488",,,"1.219","0.265"
"2025-09-16T19:00:00.000Z","1.55",,,"1.293","0.267"
"2025-09-16T19:01:00.000Z","1.547",,,"1.28","0.271"
"2025-09-16T19:02:00.000Z","1.947",,,"1.687","0.272"
"2025-09-16T19:03:00.000Z","2.092",,,"1.814","0.275"
"2025-09-16T19:04:00.000Z","2.057",,,"1.774","0.279"
"2025-09-16T19:05:00.000Z","2.087",,,"1.799","0.284"
"2025-09-16T19:06:00.000Z","2.088",,,"1.805","0.285"
"2025-09-16T19:07:00.000Z","2.178",,,"1.888","0.288"
"2025-09-16T19:08:00.000Z","2.233",,,"1.946","0.293"
"2025-09-16T19:09:00.000Z","2.263",,,"1.969","0.294"
"2025-09-16T19:10:00.000Z","2.437",,,"2.134","0.298"
"2025-09-16T19:11:00.000Z","2.532",,,"2.229","0.301"
"2025-09-16T19:12:00.000Z","2.618",,,"2.315","0.305"
"2025-09-16T19:13:00.000Z","3.419",,,"3.201","0.309"
"2025-09-16T19:14:00.000Z","5.124",,,"4.874","0.308"
"2025-09-16T19:15:00.000Z","6.48",,,"6.172","0.31"
"2025-09-16T19:16:00.000Z","5.207",,,"4.858","0.313"
"2025-09-16T19:17:00.000Z","4.873",,,"4.496","0.319"
"2025-09-16T19:18:00.000Z","2.583",,,"2.273","0.32"
"2025-09-16T19:19:00.000Z","2.604",,,"2.286","0.32"
"2025-09-16T19:20:00.000Z","2.614",,,"2.29","0.328"
"2025-09-16T19:21:00.000Z","2.631",,,"2.292","0.334"
"2025-09-16T19:22:00.000Z","2.619",,,"2.277","0.339"
"2025-09-16T19:23:00.000Z","2.624",,,"2.281","0.34"
"2025-09-16T19:24:00.000Z","2.664",,,"2.323","0.34"
"2025-09-16T19:25:00.000Z","2.718",,,"2.368","0.342"
"2025-09-16T19:26:00.000Z","2.72",,,"2.376","0.345"
"2025-09-16T19:27:00.000Z","2.686",,,"2.342","0.347"
"2025-09-16T19:28:00.000Z","2.703",,,"2.351","0.345"
"2025-09-16T19:29:00.000Z","2.688",,,"2.345","0.347"
"2025-09-16T19:30:00.000Z","2.675",,,"2.328","0.346"
"2025-09-16T19:31:00.000Z","2.679",,,"2.327","0.348"
"2025-09-16T19:32:00.000Z","4.016",,,"3.669","0.35"
"2025-09-16T19:33:00.000Z","6.134",,,"5.774","0.352"
"2025-09-16T19:34:00.000Z","3.751",,,"3.314","0.354"
"2025-09-16T19:35:00.000Z","2.739",,,"2.388","0.357"
"2025-09-16T19:36:00.000Z","3.223",,,"2.933","0.362"
"2025-09-16T19:37:00.000Z","4.544",,,"4.106","0.362"
"2025-09-16T19:38:00.000Z","5.048",,,"4.78","0.364"
"2025-09-16T19:39:00.000Z","4.673",,,"4.28","0.364"
"2025-09-16T19:40:00.000Z","3.317",,,"2.929","0.366"
"2025-09-16T19:41:00.000Z","2.726",,,"2.351","0.37"
"2025-09-16T19:42:00.000Z","2.73",,,"2.355","0.378"
"2025-09-16T19:43:00.000Z","2.754",,,"2.367","0.384"
"2025-09-16T19:44:00.000Z","2.742",,,"2.35","0.394"
"2025-09-16T19:45:00.000Z","2.732",,,"2.33","0.403"
"2025-09-16T19:46:00.000Z","2.729",,,"2.317","0.407"
"2025-09-16T19:47:00.000Z","2.725",,,"2.318","0.412"
"2025-09-16T19:48:00.000Z","2.79",,,"2.369","0.418"
"2025-09-16T19:49:00.000Z","2.759",,,"2.347","0.419"
"2025-09-16T19:50:00.000Z","2.715",,,"2.294","0.417"
"2025-09-16T19:51:00.000Z","2.687",,,"2.27","0.415"
"2025-09-16T19:52:00.000Z","2.704",,,"2.275","0.432"
"2025-09-16T19:53:00.000Z","2.677",,,"2.233","0.442"
"2025-09-16T19:54:00.000Z","2.664",,,"2.214","0.447"
"2025-09-16T19:55:00.000Z","2.664",,,"2.209","0.465"
"2025-09-16T19:56:00.000Z","2.657",,,"2.165","0.483"
"2025-09-16T19:57:00.000Z","2.563",,,"2.05","0.508"
"2025-09-16T19:58:00.000Z","2.529",,,"1.995","0.53"
"2025-09-16T19:59:00.000Z","2.444",,,"1.892","0.541"
"2025-09-16T20:00:00.000Z","2.188",,,"1.634","0.555"
"2025-09-16T20:01:00.000Z","1.772",,,"1.205","0.566"
"2025-09-16T20:02:00.000Z","1.76",,,"1.193","0.566"
"2025-09-16T20:03:00.000Z","1.719",,,"1.162","0.556"
"2025-09-16T20:04:00.000Z","1.793",,,"1.244","0.552"
"2025-09-16T20:05:00.000Z","1.785",,,"1.236","0.55"
"2025-09-16T20:06:00.000Z","1.715",,,"1.152","0.56"
"2025-09-16T20:07:00.000Z","1.747",,,"1.146","0.602"
"2025-09-16T20:08:00.000Z","1.741",,,"1.137","0.603"
"2025-09-16T20:09:00.000Z","1.701",,,"1.089","0.613"
"2025-09-16T20:10:00.000Z","1.71",,,"1.071","0.642"
"2025-09-16T20:11:00.000Z","1.679",,,"1.015","0.656"
"2025-09-16T20:12:00.000Z","1.705",,,"1.058","0.659"
"2025-09-16T20:13:00.000Z","1.728",,,"1.065","0.664"
"2025-09-16T20:14:00.000Z","1.73",,,"1.016","0.709"
"2025-09-16T20:15:00.000Z","1.688",,,"1.046","0.66"
"2025-09-16T20:16:00.000Z","1.761",,,"1.097","0.655"
"2025-09-16T20:17:00.000Z","1.743",,,"1.121","0.623"
"2025-09-16T20:18:00.000Z","1.777",,,"1.24","0.539"
"2025-09-16T20:19:00.000Z","1.766",,,"1.223","0.547"
"2025-09-16T20:20:00.000Z","1.79",,,"1.214","0.574"
"2025-09-16T20:21:00.000Z","1.753",,,"1.143","0.608"
"2025-09-16T20:22:00.000Z","1.689",,,"1.056","0.626"
"2025-09-16T20:23:00.000Z","1.69",,,"1.082","0.607"
"2025-09-16T20:24:00.000Z","1.69",,,"1.108","0.582"
"2025-09-16T20:25:00.000Z","1.705",,,"1.137","0.558"
"2025-09-16T20:26:00.000Z","1.74",,,"1.178","0.543"
"2025-09-16T20:27:00.000Z","1.695",,,"1.152","0.54"
"2025-09-16T20:28:00.000Z","1.699",,,"1.186","0.527"
"2025-09-16T20:29:00.000Z","1.715",,,"1.189","0.522"
"2025-09-16T20:30:00.000Z","1.716",,,"1.201","0.521"
"2025-09-16T20:31:00.000Z","1.701",,,"1.174","0.522"
"2025-09-16T20:32:00.000Z","1.727",,,"1.199","0.526"
"2025-09-16T20:33:00.000Z","1.695",,,"1.16","0.531"
"2025-09-16T20:34:00.000Z","1.819",,,"1.271","0.55"
"2025-09-16T20:35:00.000Z","1.902",,,"1.337","0.563"
"2025-09-16T20:36:00.000Z","1.839",,,"1.28","0.57"
"2025-09-16T20:37:00.000Z","1.738",,,"1.143","0.594"
"2025-09-16T20:38:00.000Z","1.709",,,"1.099","0.611"
"2025-09-16T20:39:00.000Z","1.71",,,"1.096","0.614"
"2025-09-16T20:40:00.000Z","1.72",,,"1.059","0.652"
"2025-09-16T20:41:00.000Z","1.684",,,"0.992","0.694"
"2025-09-16T20:42:00.000Z","1.672",,,"0.973","0.692"
"2025-09-16T20:43:00.000Z","1.623",,,"0.871","0.747"
"2025-09-16T20:44:00.000Z","1.629",,,"0.822","0.799"
"2025-09-16T20:45:00.000Z","1.625",,,"0.772","0.856"
"2025-09-16T20:46:00.000Z","1.607",,,"0.644","0.971"
"2025-09-16T20:47:00.000Z","1.606",,,"0.496","1.11"
"2025-09-16T20:48:00.000Z","1.582",,,"0.391","1.193"
"2025-09-16T20:49:00.000Z","1.578",,,"0.317","1.27"
"2025-09-16T20:50:00.000Z","0.94",,"0.76","0.28","1.279"
"2025-09-16T20:51:00.000Z","0.506",,"0.733",,"1.251"
"2025-09-16T20:52:00.000Z","0.645",,"0.685",,"1.317"
"2025-09-16T20:53:00.000Z","0.59",,"0.713",,"1.31"
"2025-09-16T20:54:00.000Z","0.549",,"0.774",,"1.321"
"2025-09-16T20:55:00.000Z","0.547",,"0.758",,"1.304"
"2025-09-16T20:56:00.000Z","0.538",,"0.729",,"1.277"
"2025-09-16T20:57:00.000Z","0.552",,"0.776",,"1.317"
"2025-09-16T20:58:00.000Z","0.522",,"0.866",,"1.369"
"2025-09-16T20:59:00.000Z","0.556",,"0.86",,"1.42"
"2025-09-16T21:00:00.000Z","0.591",,"0.769",,"1.378"
"2025-09-16T21:01:00.000Z","0.546",,"0.886",,"1.446"
"2025-09-16T21:02:00.000Z","0.557",,"0.961",,"1.511"
"2025-09-16T21:03:00.000Z","0.567",,"0.951",,"1.509"
"2025-09-16T21:04:00.000Z","0.563",,"0.947",,"1.517"
"2025-09-16T21:05:00.000Z","0.558",,"0.962",,"1.518"
"2025-09-16T21:06:00.000Z","0.544",,"0.996",,"1.54"
"2025-09-16T21:07:00.000Z","0.535",,"1.051",,"1.574"
"2025-09-16T21:08:00.000Z","0.617",,"0.967",,"1.593"
"2025-09-16T21:09:00.000Z","0.592",,"1.016",,"1.603"
"2025-09-16T21:10:00.000Z","0.533",,"1.129",,"1.664"
"2025-09-16T21:11:00.000Z","0.531",,"1.203",,"1.731"
"2025-09-16T21:12:00.000Z","0.528",,"1.219",,"1.751"
"2025-09-16T21:13:00.000Z","0.508",,"1.298",,"1.813"
"2025-09-16T21:14:00.000Z","0.496",,"1.296",,"1.787"
"2025-09-16T21:15:00.000Z","0.517",,"1.257",,"1.774"
"2025-09-16T21:16:00.000Z","0.498",,"1.312",,"1.815"
"2025-09-16T21:17:00.000Z","0.5",,"1.33",,"1.826"
"2025-09-16T21:18:00.000Z","0.424",,"1.705",,"2.172"
"2025-09-16T21:19:00.000Z","0.409",,"2.154",,"2.563"
"2025-09-16T21:20:00.000Z","0.363",,"2.239",,"2.616"
"2025-09-16T21:21:00.000Z","0.375",,"2.273",,"2.637"
"2025-09-16T21:22:00.000Z","0.39",,"2.272",,"2.664"
"2025-09-16T21:23:00.000Z","0.402",,"2.298",,"2.7"
"2025-09-16T21:24:00.000Z","0.398",,"2.317",,"2.718"
"2025-09-16T21:25:00.000Z","0.368",,"2.377",,"2.748"
"2025-09-16T21:26:00.000Z","0.33",,"2.422",,"2.766"
"2025-09-16T21:27:00.000Z","0.343",,"2.448",,"2.792"
"2025-09-16T21:28:00.000Z","0.346",,"2.463",,"2.806"
"2025-09-16T21:29:00.000Z","0.299",,"2.538",,"2.84"
"2025-09-16T21:30:00.000Z","0.329",,"2.558",,"2.884"
"2025-09-16T21:31:00.000Z","0.315",,"2.548",,"2.874"
"2025-09-16T21:32:00.000Z","0.341",,"2.56",,"2.903"
"2025-09-16T21:33:00.000Z","0.374",,"2.612",,"2.997"
"2025-09-16T21:34:00.000Z","0.37",,"2.732",,"3.118"
"2025-09-16T21:35:00.000Z","0.328",,"2.893",,"3.237"
"2025-09-16T21:36:00.000Z","0.296",,"3.103",,"3.389"
"2025-09-16T21:37:00.000Z","0.279",,"3.265",,"3.539"
"2025-09-16T21:38:00.000Z","0.294",,"3.308",,"3.592"
"2025-09-16T21:39:00.000Z","0.258",,"3.52",,"3.766"
"2025-09-16T21:40:00.000Z","0.301",,"3.518",,"3.821"
"2025-09-16T21:41:00.000Z","0.309",,"3.542",,"3.853"
"2025-09-16T21:42:00.000Z","0.3",,"3.524",,"3.82"
"2025-09-16T21:43:00.000Z","0.27",,"3.592",,"3.864"
"2025-09-16T21:44:00.000Z","0.274",,"3.628",,"3.903"
"2025-09-16T21:45:00.000Z","0.263",,"3.67",,"3.937"
"2025-09-16T21:46:00.000Z","0.281",,"3.692",,"3.971"
"2025-09-16T21:47:00.000Z","0.279",,"3.729",,"4.009"
"2025-09-16T21:48:00.000Z","0.264",,"3.776",,"4.048"
"2025-09-16T21:49:00.000Z","0.25",,"3.827",,"4.069"
"2025-09-16T21:50:00.000Z","0.313",,"3.621",,"3.952"
"2025-09-16T21:51:00.000Z","0.368",,"3.288",,"3.654"
"2025-09-16T21:52:00.000Z","0.387",,"3.039",,"3.429"
"2025-09-16T21:53:00.000Z","0.379",,"2.975",,"3.363"
"2025-09-16T21:54:00.000Z","0.239",,"3.374",,"3.621"
"2025-09-16T21:55:00.000Z","0.229",,"3.894",,"4.111"
"2025-09-16T21:56:00.000Z","0.341",,"3.778",,"4.133"
"2025-09-16T21:57:00.000Z","0.383",,"3.525",,"3.874"
"2025-09-16T21:58:00.000Z","0.327",,"3.304",,"3.614"
"2025-09-16T21:59:00.000Z","0.33",,"3.183",,"3.515"
"2025-09-16T22:00:00.000Z","0.378",,"3.127",,"3.507"
"2025-09-16T22:01:00.000Z","0.323",,"3.211",,"3.544"
"2025-09-16T22:02:00.000Z","0.357",,"3.256",,"3.612"
"2025-09-16T22:03:00.000Z","0.308",,"3.315",,"3.611"
"2025-09-16T22:04:00.000Z","0.286",,"3.506",,"3.749"
"2025-09-16T22:05:00.000Z","0.25",,"4.112",,"4.356"
"2025-09-16T22:06:00.000Z","0.199",,"4.181",,"4.382"
"2025-09-16T22:07:00.000Z","0.147",,"4.267",,"4.409"
"2025-09-16T22:08:00.000Z","0.128",,"4.289",,"4.417"
"2025-09-16T22:09:00.000Z","0.123",,"4.309",,"4.43"
"2025-09-16T22:10:00.000Z","0.2",,"4.255",,"4.456"
"2025-09-16T22:11:00.000Z","0.162",,"4.309",,"4.468"
"2025-09-16T22:12:00.000Z","0.269",,"4.224",,"4.485"
"2025-09-16T22:13:00.000Z","0.229",,"4.27",,"4.492"
"2025-09-16T22:14:00.000Z","0.141",,"4.384",,"4.523"
"2025-09-16T22:15:00.000Z","0.174",,"4.366",,"4.549"
"2025-09-16T22:16:00.000Z","0.104",,"4.536",,"4.648"
"2025-09-16T22:17:00.000Z","0.148",,"4.644",,"4.793"
"2025-09-16T22:18:00.000Z","0.064",,"4.838",,"4.924"
"2025-09-16T22:19:00.000Z","0.054",,"4.927",,"4.978"
"2025-09-16T22:20:00.000Z","0.079",,"4.905",,"4.966"
"2025-09-16T22:21:00.000Z","0.033",,"4.956",,"5"
"2025-09-16T22:22:00.000Z","0.067",,"4.961",,"5.022"
"2025-09-16T22:23:00.000Z","0.075",,"4.934",,"5.024"
"2025-09-16T22:24:00.000Z","0.082",,"4.944",,"5.033"
"2025-09-16T22:25:00.000Z","0.12",,"4.953",,"5.063"
"2025-09-16T22:26:00.000Z","0.082",,"4.966",,"5.042"
"2025-09-16T22:27:00.000Z","0.133",,"4.931",,"5.052"
"2025-09-16T22:28:00.000Z","0.161",,"4.962",,"5.147"
"2025-09-16T22:29:00.000Z","0.159",,"4.962",,"5.105"
"2025-09-16T22:30:00.000Z","0.049",,"5.001",,"5.043"
"2025-09-16T22:31:00.000Z","0.048",,"5.001",,"5.049"
"2025-09-16T22:32:00.000Z","0.046",,"5",,"5.047"
"2025-09-16T22:33:00.000Z","0.079",,"4.999",,"5.071"
"2025-09-16T22:34:00.000Z","2.032",,"3.063",,"5.226"
"2025-09-16T22:35:00.000Z","2.628",,"2.812",,"5.438"
"2025-09-16T22:36:00.000Z","2.606",,"2.834",,"5.435"
"2025-09-16T22:37:00.000Z","2.572",,"2.895",,"5.465"
"2025-09-16T22:38:00.000Z","2.614",,"2.864",,"5.479"
"2025-09-16T22:39:00.000Z","2.561",,"2.926",,"5.489"
"2025-09-16T22:40:00.000Z","2.561",,"2.933",,"5.492"
"2025-09-16T22:41:00.000Z","2.521",,"2.976",,"5.497"
"2025-09-16T22:42:00.000Z","2.329",,"3.188",,"5.431"
"2025-09-16T22:43:00.000Z","0.077",,"5.001",,"5.081"
"2025-09-16T22:44:00.000Z","0.129",,"5.002",,"5.138"
"2025-09-16T22:45:00.000Z","0.122",,"5.003",,"5.104"
"2025-09-16T22:46:00.000Z","0.08",,"4.996",,"5.083"
"2025-09-16T22:47:00.000Z","0.099",,"4.998",,"5.097"
"2025-09-16T22:48:00.000Z","0.074",,"4.999",,"5.073"
"2025-09-16T22:49:00.000Z","0.075",,"5",,"5.075"
"2025-09-16T22:50:00.000Z","0.061",,"5.001",,"5.061"
"2025-09-16T22:51:00.000Z","0.052",,"4.998",,"5.049"
"2025-09-16T22:52:00.000Z","0.056",,"4.995",,"5.053"
"2025-09-16T22:53:00.000Z","0.044",,"5",,"5.043"
"2025-09-16T22:54:00.000Z","0.063",,"5.001",,"5.065"
"2025-09-16T22:55:00.000Z","0.067",,"4.999",,"5.069"
"2025-09-16T22:56:00.000Z","0.087",,"4.999",,"5.086"
"2025-09-16T22:57:00.000Z","0.072",,"5.003",,"5.074"
"2025-09-16T22:58:00.000Z","0.081",,"4.997",,"5.079"
"2025-09-16T22:59:00.000Z","0.086",,"5",,"5.086"
"2025-09-16T23:00:00.000Z","0.131",,"4.947",,"5.081"
"2025-09-16T23:01:00.000Z","0.14",,"5.001",,"5.146"
"2025-09-16T23:02:00.000Z","0.093",,"5.001",,"5.096"
"2025-09-16T23:03:00.000Z","0.091",,"5",,"5.09"
"2025-09-16T23:04:00.000Z","0.078",,"5.002",,"5.08"
"2025-09-16T23:05:00.000Z","0.101",,"4.999",,"5.1"
"2025-09-16T23:06:00.000Z","0.115",,"4.999",,"5.116"
"2025-09-16T23:07:00.000Z","0.106",,"4.998",,"5.103"
"2025-09-16T23:08:00.000Z","0.132",,"4.998",,"5.134"
"2025-09-16T23:09:00.000Z","0.142",,"4.996",,"5.137"
"2025-09-16T23:10:00.000Z","0.134",,"5.001",,"5.136"
"2025-09-16T23:11:00.000Z","0.153",,"4.999",,"5.152"
"2025-09-16T23:12:00.000Z","0.138",,"5.002",,"5.14"
"2025-09-16T23:13:00.000Z","0.132",,"4.998",,"5.129"
"2025-09-16T23:14:00.000Z","0.136",,"4.998",,"5.135"
"2025-09-16T23:15:00.000Z","0.131",,"4.998",,"5.127"
"2025-09-16T23:16:00.000Z","0.177",,"4.995",,"5.19"
"2025-09-16T23:17:00.000Z","0.179",,"5.004",,"5.166"
"2025-09-16T23:18:00.000Z","0.114",,"4.999",,"5.115"
"2025-09-16T23:19:00.000Z","0.115",,"5.001",,"5.115"
"2025-09-16T23:20:00.000Z","0.109",,"5.004",,"5.111"
"2025-09-16T23:21:00.000Z","0.121",,"4.996",,"5.121"
"2025-09-16T23:22:00.000Z","0.136",,"5",,"5.136"
"2025-09-16T23:23:00.000Z","0.143",,"5.002",,"5.145"
"2025-09-16T23:24:00.000Z","0.128",,"4.998",,"5.128"
"2025-09-16T23:25:00.000Z","0.157",,"5.003",,"5.163"
"2025-09-16T23:26:00.000Z","0.131",,"5.002",,"5.131"
"2025-09-16T23:27:00.000Z","0.138",,"5.001",,"5.138"
"2025-09-16T23:28:00.000Z","0.103",,"4.999",,"5.101"
"2025-09-16T23:29:00.000Z","0.137",,"4.99",,"5.134"
"2025-09-16T23:30:00.000Z","2.592",,"3.001",,"5.678"
"2025-09-16T23:31:00.000Z","2.593",,"3.23",,"5.824"
"2025-09-16T23:32:00.000Z","2.635",,"3.198",,"5.831"
"2025-09-16T23:33:00.000Z","2.58",,"3.237",,"5.82"
"2025-09-16T23:34:00.000Z","2.528",,"3.32",,"5.851"
"2025-09-16T23:35:00.000Z","2.527",,"3.336",,"5.863"
"2025-09-16T23:36:00.000Z","2.514",,"3.351",,"5.863"
"2025-09-16T23:37:00.000Z","2.488",,"3.381",,"5.868"
"2025-09-16T23:38:00.000Z","2.511",,"3.376",,"5.886"
"2025-09-16T23:39:00.000Z","2.498",,"3.459",,"5.956"
"2025-09-16T23:40:00.000Z","2.496",,"3.472",,"5.966"
"2025-09-16T23:41:00.000Z","2.468",,"3.514",,"5.982"
"2025-09-16T23:42:00.000Z","2.456",,"3.492",,"5.947"
"2025-09-16T23:43:00.000Z","2.477",,"3.443",,"5.919"
"2025-09-16T23:44:00.000Z","2.436",,"3.493",,"5.933"
"2025-09-16T23:45:00.000Z","2.414",,"3.535",,"5.945"
"2025-09-16T23:46:00.000Z","0.612",,"4.756",,"5.282"
"2025-09-16T23:47:00.000Z","0.167",,"4.997",,"5.166"
"2025-09-16T23:48:00.000Z","0.21",,"4.999",,"5.216"
"2025-09-16T23:49:00.000Z","0.223",,"5.005",,"5.228"
"2025-09-16T23:50:00.000Z","0.188",,"5",,"5.188"
"2025-09-16T23:51:00.000Z","0.196",,"4.998",,"5.193"
"2025-09-16T23:52:00.000Z","0.194",,"4.999",,"5.194"
"2025-09-16T23:53:00.000Z","0.188",,"4.998",,"5.184"
"2025-09-16T23:54:00.000Z","0.185",,"4.997",,"5.183"
"2025-09-16T23:55:00.000Z","0.192",,"5.003",,"5.194"
"2025-09-16T23:56:00.000Z","0.192",,"4.998",,"5.19"
"2025-09-16T23:57:00.000Z","0.182",,"5.001",,"5.181"
"2025-09-16T23:58:00.000Z","0.161",,"5.001",,"5.161"
"2025-09-16T23:59:00.000Z","0.165",,"5",,"5.164"
"2025-09-17T00:00:00.000Z","0.172",,"5.002",,"5.178"
"2025-09-17T00:01:00.000Z","0.183",,"5.001",,"5.182"
"2025-09-17T00:02:00.000Z","0.16",,"5.001",,"5.159"
"2025-09-17T00:03:00.000Z","0.175",,"4.999",,"5.177"
"2025-09-17T00:04:00.000Z","0.216",,"4.999",,"5.224"
"2025-09-17T00:05:00.000Z","0.242",,"5.004",,"5.231"
"2025-09-17T00:06:00.000Z","0.175",,"5.001",,"5.176"
"2025-09-17T00:07:00.000Z","0.19",,"4.998",,"5.188"
"2025-09-17T00:08:00.000Z","0.191",,"5.001",,"5.191"
"2025-09-17T00:09:00.000Z","0.182",,"5.002",,"5.185"
"2025-09-17T00:10:00.000Z","0.171",,"5.001",,"5.172"
"2025-09-17T00:11:00.000Z","0.173",,"5",,"5.174"
"2025-09-17T00:12:00.000Z","0.175",,"5.001",,"5.176"
"2025-09-17T00:13:00.000Z","0.137",,"4.997",,"5.127"
"2025-09-17T00:14:00.000Z","0.124",,"5.001",,"5.126"
"2025-09-17T00:15:00.000Z","0.126",,"4.998",,"5.125"
"2025-09-17T00:16:00.000Z","0.125",,"4.999",,"5.124"
"2025-09-17T00:17:00.000Z","0.135",,"4.996",,"5.132"
"2025-09-17T00:18:00.000Z","0.125",,"4.999",,"5.121"
"2025-09-17T00:19:00.000Z","0.057",,"5",,"5.056"
"2025-09-17T00:20:00.000Z","0.122",,"4.997",,"5.122"
"2025-09-17T00:21:00.000Z","0.119",,"5.002",,"5.12"
"2025-09-17T00:22:00.000Z","0.075",,"4.998",,"5.072"
"2025-09-17T00:23:00.000Z","0.076",,"5.001",,"5.077"
"2025-09-17T00:24:00.000Z","0.057",,"5",,"5.056"
"2025-09-17T00:25:00.000Z","0.061",,"4.997",,"5.056"
"2025-09-17T00:26:00.000Z","0.06",,"4.997",,"5.058"
"2025-09-17T00:27:00.000Z","0.07",,"5",,"5.071"
"2025-09-17T00:28:00.000Z","0.07",,"4.999",,"5.071"
"2025-09-17T00:29:00.000Z","0.074",,"5.001",,"5.075"
"2025-09-17T00:30:00.000Z","0.075",,"4.997",,"5.069"
"2025-09-17T00:31:00.000Z","0.085",,"4.999",,"5.084"
"2025-09-17T00:32:00.000Z","0.085",,"5",,"5.086"
"2025-09-17T00:33:00.000Z","0.09",,"4.999",,"5.089"
"2025-09-17T00:34:00.000Z","0.087",,"4.999",,"5.089"
"2025-09-17T00:35:00.000Z","0.09",,"5.001",,"5.089"
"2025-09-17T00:36:00.000Z","0.145",,"5.001",,"5.168"
"2025-09-17T00:37:00.000Z","0.139",,"5.001",,"5.13"
"2025-09-17T00:38:00.000Z","0.076",,"5",,"5.074"
"2025-09-17T00:39:00.000Z","0.087",,"5.001",,"5.089"
"2025-09-17T00:40:00.000Z","0.095",,"5.001",,"5.099"
"2025-09-17T00:41:00.000Z","0.104",,"4.997",,"5.103"
"2025-09-17T00:42:00.000Z","0.099",,"5",,"5.099"
"2025-09-17T00:43:00.000Z","0.108",,"4.999",,"5.106"
"2025-09-17T00:44:00.000Z","0.111",,"5",,"5.11"
"2025-09-17T00:45:00.000Z","0.091",,"5.001",,"5.093"
"2025-09-17T00:46:00.000Z","0.084",,"5.001",,"5.084"
"2025-09-17T00:47:00.000Z","0.08",,"4.999",,"5.079"
"2025-09-17T00:48:00.000Z","0.076",,"4.998",,"5.074"
"2025-09-17T00:49:00.000Z","0.08",,"4.999",,"5.078"
"2025-09-17T00:50:00.000Z","0.089",,"4.998",,"5.088"
"2025-09-17T00:51:00.000Z","0.084",,"5",,"5.082"
"2025-09-17T00:52:00.000Z","0.161",,"4.998",,"5.17"
"2025-09-17T00:53:00.000Z","0.149",,"5.001",,"5.139"
"2025-09-17T00:54:00.000Z","0.088",,"5",,"5.086"
"2025-09-17T00:55:00.000Z","0.087",,"4.997",,"5.086"
"2025-09-17T00:56:00.000Z","0.067",,"5.001",,"5.064"
"2025-09-17T00:57:00.000Z","0.055",,"5.002",,"5.057"
"2025-09-17T00:58:00.000Z","0.029",,"5.002",,"5.029"
"2025-09-17T00:59:00.000Z","0.028",,"5",,"5.03"
"2025-09-17T01:00:00.000Z","0.047",,"5.003",,"5.048"
"2025-09-17T01:01:00.000Z","0.04",,"4.998",,"5.036"
"2025-09-17T01:02:00.000Z","0.027",,"5.001",,"5.029"
"2025-09-17T01:03:00.000Z","0.028",,"4.999",,"5.028"
"2025-09-17T01:04:00.000Z","0.034",,"5",,"5.033"
"2025-09-17T01:05:00.000Z","0.035",,"4.998",,"5.033"
"2025-09-17T01:06:00.000Z","0.04",,"4.998",,"5.039"
"2025-09-17T01:07:00.000Z","0.042",,"4.999",,"5.04"
"2025-09-17T01:08:00.000Z","0.079",,"5.001",,"5.109"
"2025-09-17T01:09:00.000Z","0.096",,"5.003",,"5.08"
"2025-09-17T01:10:00.000Z","0.033",,"5.002",,"5.033"
"2025-09-17T01:11:00.000Z","0.002",,"4.999",,"5"
"2025-09-17T01:12:00.000Z","-0.011",,"4.997",,"4.986"
"2025-09-17T01:13:00.000Z","-0.005",,"5",,"4.998"
"2025-09-17T01:14:00.000Z","0.013",,"4.998",,"5.012"
"2025-09-17T01:15:00.000Z","0.026",,"5.002",,"5.025"
"2025-09-17T01:16:00.000Z","0.044",,"4.997",,"5.043"
"2025-09-17T01:17:00.000Z","0.048",,"5",,"5.047"
"2025-09-17T01:18:00.000Z","0.052",,"5",,"5.052"
"2025-09-17T01:19:00.000Z","0.049",,"4.999",,"5.049"
"2025-09-17T01:20:00.000Z","0.06",,"5.001",,"5.065"
"2025-09-17T01:21:00.000Z","0.079",,"5.002",,"5.082"
"2025-09-17T01:22:00.000Z","0.078",,"4.999",,"5.076"
"2025-09-17T01:23:00.000Z","0.081",,"5",,"5.083"
"2025-09-17T01:24:00.000Z","0.116",,"4.997",,"5.114"
"2025-09-17T01:25:00.000Z","0.131",,"5",,"5.132"
"2025-09-17T01:26:00.000Z","0.076",,"5.002",,"5.077"
"2025-09-17T01:27:00.000Z","0.07",,"5.001",,"5.071"
"2025-09-17T01:28:00.000Z","0.077",,"4.999",,"5.075"
"2025-09-17T01:29:00.000Z","0.075",,"5",,"5.075"
"2025-09-17T01:30:00.000Z","0.074",,"4.998",,"5.071"
"2025-09-17T01:31:00.000Z","0.077",,"4.99",,"5.071"
"2025-09-17T01:32:00.000Z","0.133",,"4.991",,"5.124"
"2025-09-17T01:33:00.000Z","0.132",,"5.002",,"5.135"
"2025-09-17T01:34:00.000Z","0.132",,"4.997",,"5.126"
"2025-09-17T01:35:00.000Z","0.109",,"5.001",,"5.112"
"2025-09-17T01:36:00.000Z","0.13",,"4.999",,"5.129"
"2025-09-17T01:37:00.000Z","0.132",,"4.997",,"5.129"
"2025-09-17T01:38:00.000Z","0.126",,"5.004",,"5.129"
"2025-09-17T01:39:00.000Z","0.107",,"4.998",,"5.105"
"2025-09-17T01:40:00.000Z","0.108",,"4.983",,"5.116"
"2025-09-17T01:41:00.000Z","0.143",,"4.999",,"5.134"
"2025-09-17T01:42:00.000Z","0.083",,"5.002",,"5.085"
"2025-09-17T01:43:00.000Z","0.082",,"5",,"5.082"
"2025-09-17T01:44:00.000Z","0.081",,"5",,"5.079"
"2025-09-17T01:45:00.000Z","0.082",,"4.999",,"5.078"
"2025-09-17T01:46:00.000Z","0.07",,"5.001",,"5.072"
"2025-09-17T01:47:00.000Z","0.043",,"5.001",,"5.045"
"2025-09-17T01:48:00.000Z","0.066",,"5.003",,"5.069"
"2025-09-17T01:49:00.000Z","0.064",,"5",,"5.065"
"2025-09-17T01:50:00.000Z","0.068",,"5.002",,"5.068"
"2025-09-17T01:51:00.000Z","0.053",,"5.001",,"5.054"
"2025-09-17T01:52:00.000Z","0.057",,"4.998",,"5.055"
"2025-09-17T01:53:00.000Z","0.054",,"5.002",,"5.055"
"2025-09-17T01:54:00.000Z","0.066",,"5",,"5.068"
"2025-09-17T01:55:00.000Z","0.067",,"4.999",,"5.068"
"2025-09-17T01:56:00.000Z","0.112",,"4.997",,"5.126"
"2025-09-17T01:57:00.000Z","0.134",,"5",,"5.114"
"2025-09-17T01:58:00.000Z","0.087",,"4.999",,"5.087"
"2025-09-17T01:59:00.000Z","0.089",,"4.999",,"5.087"
"2025-09-17T02:00:00.000Z","0.1",,"4.998",,"5.099"
"2025-09-17T02:01:00.000Z","0.105",,"5.004",,"5.108"
"2025-09-17T02:02:00.000Z","0.096",,"4.999",,"5.097"
"2025-09-17T02:03:00.000Z","0.089",,"4.998",,"5.087"
"2025-09-17T02:04:00.000Z","0.089",,"5.001",,"5.091"
"2025-09-17T02:05:00.000Z","0.093",,"5",,"5.092"
"2025-09-17T02:06:00.000Z","0.087",,"4.998",,"5.086"
"2025-09-17T02:07:00.000Z","0.08",,"4.998",,"5.076"
"2025-09-17T02:08:00.000Z","0.067",,"5",,"5.069"
"2025-09-17T02:09:00.000Z","0.039",,"5.005",,"5.042"
"2025-09-17T02:10:00.000Z","0.05",,"4.986",,"5.039"
"2025-09-17T02:11:00.000Z","0.03",,"4.998",,"5.02"
"2025-09-17T02:12:00.000Z","0.092",,"4.932",,"5.029"
"2025-09-17T02:13:00.000Z","0.055",,"4.967",,"5.022"
"2025-09-17T02:14:00.000Z","0.024",,"4.983",,"5.007"
"2025-09-17T02:15:00.000Z","0.024",,"4.968",,"4.992"
"2025-09-17T02:16:00.000Z","0.014",,"4.963",,"4.978"
"2025-09-17T02:17:00.000Z","0.021",,"4.95",,"4.97"
"2025-09-17T02:18:00.000Z","0.028",,"4.93",,"4.957"
"2025-09-17T02:19:00.000Z","0.024",,"4.917",,"4.939"
"2025-09-17T02:20:00.000Z","-0.043",,"4.946",,"4.899"
"2025-09-17T02:21:00.000Z","-0.057",,"4.951",,"4.898"
"2025-09-17T02:22:00.000Z","-0.046",,"4.936",,"4.885"
"2025-09-17T02:23:00.000Z","-0.044",,"4.897",,"4.851"
"2025-09-17T02:24:00.000Z","-0.043",,"4.898",,"4.855"
"2025-09-17T02:25:00.000Z","-0.03",,"4.871",,"4.843"
"2025-09-17T02:26:00.000Z","-0.039",,"4.846",,"4.81"
"2025-09-17T02:27:00.000Z","-0.025",,"4.83",,"4.808"
"2025-09-17T02:28:00.000Z","0.069",,"4.715",,"4.785"
"2025-09-17T02:29:00.000Z","0.073",,"4.699",,"4.765"
"2025-09-17T02:30:00.000Z","0.046",,"4.688",,"4.73"
"2025-09-17T02:31:00.000Z","0.04",,"4.693",,"4.735"
"2025-09-17T02:32:00.000Z","0.054",,"4.644",,"4.7"
"2025-09-17T02:33:00.000Z","0.065",,"4.594",,"4.654"
"2025-09-17T02:34:00.000Z","0.073",,"4.571",,"4.645"
"2025-09-17T02:35:00.000Z","0.066",,"4.539",,"4.607"
"2025-09-17T02:36:00.000Z","0.071",,"4.548",,"4.618"
"2025-09-17T02:37:00.000Z","0.064",,"4.541",,"4.605"
"2025-09-17T02:38:00.000Z","0.073",,"4.517",,"4.588"
"2025-09-17T02:39:00.000Z","0.073",,"4.456",,"4.528"
"2025-09-17T02:40:00.000Z","0.07",,"4.465",,"4.533"
"2025-09-17T02:41:00.000Z","0.089",,"4.44",,"4.524"
"2025-09-17T02:42:00.000Z","0.084",,"4.402",,"4.488"
"2025-09-17T02:43:00.000Z","0.086",,"4.37",,"4.454"
"2025-09-17T02:44:00.000Z","0.155",,"4.304",,"4.456"
"2025-09-17T02:45:00.000Z","0.119",,"4.318",,"4.431"
"2025-09-17T02:46:00.000Z","0.178",,"4.219",,"4.402"
"2025-09-17T02:47:00.000Z","0.296",,"4.087",,"4.383"
"2025-09-17T02:48:00.000Z","0.242",,"4.117",,"4.356"
"2025-09-17T02:49:00.000Z","0.235",,"4.098",,"4.331"
"2025-09-17T02:50:00.000Z","0.236",,"4.072",,"4.306"
"2025-09-17T02:51:00.000Z","0.231",,"4.07",,"4.307"
"2025-09-17T02:52:00.000Z","0.212",,"4.045",,"4.254"
"2025-09-17T02:53:00.000Z","0.172",,"4.075",,"4.243"
"2025-09-17T02:54:00.000Z","0.177",,"4.06",,"4.235"
"2025-09-17T02:55:00.000Z","0.181",,"4.044",,"4.224"
"2025-09-17T02:56:00.000Z","0.213",,"3.98",,"4.194"
"2025-09-17T02:57:00.000Z","0.204",,"3.991",,"4.193"
"2025-09-17T02:58:00.000Z","0.193",,"3.963",,"4.158"
"2025-09-17T02:59:00.000Z","0.188",,"3.952",,"4.138"
"2025-09-17T03:00:00.000Z","0.284",,"3.853",,"4.143"
"2025-09-17T03:01:00.000Z","0.266",,"3.821",,"4.082"
"2025-09-17T03:02:00.000Z","0.22",,"3.847",,"4.071"
"2025-09-17T03:03:00.000Z","0.219",,"3.825",,"4.039"
"2025-09-17T03:04:00.000Z","0.247",,"3.752",,"4"
"2025-09-17T03:05:00.000Z","0.267",,"3.73",,"3.994"
"2025-09-17T03:06:00.000Z","0.266",,"3.698",,"3.954"
"2025-09-17T03:07:00.000Z","0.273",,"3.672",,"3.944"
"2025-09-17T03:08:00.000Z","0.378",,"3.526",,"3.893"
"2025-09-17T03:09:00.000Z","0.36",,"3.511",,"3.872"
"2025-09-17T03:10:00.000Z","0.352",,"3.505",,"3.855"
"2025-09-17T03:11:00.000Z","0.39",,"3.462",,"3.862"
"2025-09-17T03:12:00.000Z","0.427",,"3.406",,"3.834"
"2025-09-17T03:13:00.000Z","0.432",,"3.372",,"3.804"
"2025-09-17T03:14:00.000Z","0.396",,"3.354",,"3.749"
"2025-09-17T03:15:00.000Z","0.48",,"3.257",,"3.738"
"2025-09-17T03:16:00.000Z","0.6",,"3.081",,"3.672"
"2025-09-17T03:17:00.000Z","0.603",,"3.04",,"3.647"
"2025-09-17T03:18:00.000Z","0.556",,"3.088",,"3.646"
"2025-09-17T03:19:00.000Z","0.555",,"3.103",,"3.662"
"2025-09-17T03:20:00.000Z","0.669",,"2.495",,"3.104"
"2025-09-17T03:21:00.000Z","0.588",,"2.957",,"3.558"
"2025-09-17T03:22:00.000Z","0.57",,"2.905",,"3.476"
"2025-09-17T03:23:00.000Z","0.63",,"2.499",,"3.121"
"2025-09-17T03:24:00.000Z","0.587",,"2.913",,"3.498"
"2025-09-17T03:25:00.000Z","0.586",,"2.929",,"3.515"
"2025-09-17T03:26:00.000Z","3.19",,"0.388","0.84","3.493"
"2025-09-17T03:27:00.000Z","3.07",,"0.397",,"3.465"
"2025-09-17T03:28:00.000Z","3.082",,"0.351",,"3.434"
"2025-09-17T03:29:00.000Z","1.749",,"1.734",,"3.418"
"2025-09-17T03:30:00.000Z","0.682",,"2.715",,"3.397"
"2025-09-17T03:31:00.000Z","0.697",,"2.688",,"3.379"
"2025-09-17T03:32:00.000Z","0.746",,"2.602",,"3.347"
"2025-09-17T03:33:00.000Z","0.676",,"2.677",,"3.359"
"2025-09-17T03:34:00.000Z","0.65",,"2.679",,"3.324"
"2025-09-17T03:35:00.000Z","0.655",,"2.657",,"3.312"
"2025-09-17T03:36:00.000Z","0.655",,"2.626",,"3.281"
"2025-09-17T03:37:00.000Z","0.678",,"2.539",,"3.222"
"2025-09-17T03:38:00.000Z","0.669",,"2.52",,"3.192"
"2025-09-17T03:39:00.000Z","0.672",,"2.478",,"3.151"
"2025-09-17T03:40:00.000Z","0.679",,"2.438",,"3.115"
"2025-09-17T03:41:00.000Z","0.693",,"2.394",,"3.088"
"2025-09-17T03:42:00.000Z","0.698",,"2.359",,"3.056"
"2025-09-17T03:43:00.000Z","0.709",,"2.299",,"3.005"
"2025-09-17T03:44:00.000Z","0.704",,"2.259",,"2.962"
"2025-09-17T03:45:00.000Z","0.715",,"2.202",,"2.912"
"2025-09-17T03:46:00.000Z","0.725",,"2.14",,"2.862"
"2025-09-17T03:47:00.000Z","0.727",,"2.115",,"2.841"
"2025-09-17T03:48:00.000Z","0.774",,"2.046",,"2.831"
"2025-09-17T03:49:00.000Z","0.772",,"2.042",,"2.807"
"2025-09-17T03:50:00.000Z","0.734",,"2.047",,"2.781"
"2025-09-17T03:51:00.000Z","0.765",,"1.97",,"2.731"
"2025-09-17T03:52:00.000Z","0.781",,"1.936",,"2.719"
"2025-09-17T03:53:00.000Z","0.775",,"1.946",,"2.721"
"2025-09-17T03:54:00.000Z","0.647",,"2.123",,"2.777"
"2025-09-17T03:55:00.000Z","0.647",,"2.062",,"2.706"
"2025-09-17T03:56:00.000Z","0.654",,"2.034",,"2.687"
"2025-09-17T03:57:00.000Z","0.673",,"1.979",,"2.648"
"2025-09-17T03:58:00.000Z","0.712",,"1.878",,"2.592"
"2025-09-17T03:59:00.000Z","0.747",,"1.799",,"2.551"
"2025-09-17T04:00:00.000Z","0.821",,"1.658",,"2.478"
"2025-09-17T04:01:00.000Z","0.829",,"1.658",,"2.488"
"2025-09-17T04:02:00.000Z","0.847",,"1.611",,"2.462"
"2025-09-17T04:03:00.000Z","0.84",,"1.545",,"2.379"
"2025-09-17T04:04:00.000Z","0.918",,"1.449",,"2.371"
"2025-09-17T04:05:00.000Z","0.908",,"1.358",,"2.213"
"2025-09-17T04:06:00.000Z","0.798",,"1.51",,"2.342"
"2025-09-17T04:07:00.000Z","0.871",,"1.469",,"2.335"
"2025-09-17T04:08:00.000Z","0.842",,"1.478",,"2.319"
"2025-09-17T04:09:00.000Z","0.871",,"1.403",,"2.262"
"2025-09-17T04:10:00.000Z","0.866",,"1.399",,"2.266"
"2025-09-17T04:11:00.000Z","0.861",,"1.371",,"2.231"
"2025-09-17T04:12:00.000Z","0.877",,"1.333",,"2.207"
"2025-09-17T04:13:00.000Z","0.879",,"1.305",,"2.181"
"2025-09-17T04:14:00.000Z","0.871",,"1.291",,"2.158"
"2025-09-17T04:15:00.000Z","0.881",,"1.281",,"2.163"
"2025-09-17T04:16:00.000Z","0.813",,"1.329",,"2.137"
"2025-09-17T04:17:00.000Z","0.836",,"1.312",,"2.15"
"2025-09-17T04:18:00.000Z","0.825",,"1.309",,"2.131"
"2025-09-17T04:19:00.000Z","0.839",,"1.25",,"2.096"
"2025-09-17T04:20:00.000Z","0.856",,"1.21",,"2.069"
"2025-09-17T04:21:00.000Z","0.804",,"1.243",,"2.043"
"2025-09-17T04:22:00.000Z","0.885",,"1.147",,"2.03"
"2025-09-17T04:23:00.000Z","0.891",,"1.135",,"2.027"
"2025-09-17T04:24:00.000Z","0.903",,"1.107",,"2.004"
"2025-09-17T04:25:00.000Z","0.908",,"1.071",,"1.978"
"2025-09-17T04:26:00.000Z","0.923",,"1.009",,"1.93"
"2025-09-17T04:27:00.000Z","0.885",,"0.999",,"1.88"
"2025-09-17T04:28:00.000Z","0.884",,"0.969",,"1.849"
"2025-09-17T04:29:00.000Z","0.885",,"0.937",,"1.816"
"2025-09-17T04:30:00.000Z","0.906",,"0.884",,"1.79"
"2025-09-17T04:31:00.000Z","0.868",,"0.878",,"1.747"
"2025-09-17T04:32:00.000Z","0.724",,"0.985",,"1.708"
"2025-09-17T04:33:00.000Z","0.729",,"0.964",,"1.692"
"2025-09-17T04:34:00.000Z","0.755",,"0.904",,"1.658"
"2025-09-17T04:35:00.000Z","0.772",,"0.846",,"1.626"
"2025-09-17T04:36:00.000Z","0.873",,"0.734",,"1.597"
"2025-09-17T04:37:00.000Z","0.843",,"0.727",,"1.569"
"2025-09-17T04:38:00.000Z","0.903",,"0.638",,"1.535"
"2025-09-17T04:39:00.000Z","0.95",,"0.561",,"1.504"
"2025-09-17T04:40:00.000Z","0.993",,"0.469",,"1.46"
"2025-09-17T04:41:00.000Z","0.984",,"0.447",,"1.434"
"2025-09-17T04:42:00.000Z","0.991",,"0.439",,"1.423"
"2025-09-17T04:43:00.000Z","1.011",,"0.384",,"1.395"
"2025-09-17T04:44:00.000Z","1.011",,"0.36",,"1.37"
"2025-09-17T04:45:00.000Z","1.03",,"0.322",,"1.354"
"2025-09-17T04:46:00.000Z","1.024",,"0.301",,"1.328"
"2025-09-17T04:47:00.000Z","1.016",,"0.269",,"1.286"
"2025-09-17T04:48:00.000Z","1.028",,"0.235",,"1.263"
"2025-09-17T04:49:00.000Z","1.032",,"0.214",,"1.24"
"2025-09-17T04:50:00.000Z","0.98",,"0.386",,"1.38"
"2025-09-17T04:51:00.000Z","0.968",,"0.466",,"1.426"
"2025-09-17T04:52:00.000Z","1.054",,"0.374",,"1.425"
"2025-09-17T04:53:00.000Z","0.971",,"0.454",,"1.413"
"2025-09-17T04:54:00.000Z","0.954",,"0.452",,"1.405"
"2025-09-17T04:55:00.000Z","0.962",,"0.418",,"1.381"
"2025-09-17T04:56:00.000Z","0.965",,"0.383",,"1.349"
"2025-09-17T04:57:00.000Z","0.972",,"0.364",,"1.334"
"2025-09-17T04:58:00.000Z","0.973",,"0.325",,"1.299"
"2025-09-17T04:59:00.000Z","0.98",,"0.295",,"1.277"
"2025-09-17T05:00:00.000Z","0.992",,"0.27",,"1.258"
"2025-09-17T05:01:00.000Z","0.946",,"0.293",,"1.239"
"2025-09-17T05:02:00.000Z","0.93",,"0.29",,"1.224"
"2025-09-17T05:03:00.000Z","1.09",,"0.202","0.504","1.079"
"2025-09-17T05:04:00.000Z","0.971",,"0.13","0.221","1.003"
"2025-09-17T05:05:00.000Z","0.95",,"0.228",,"1.175"
"2025-09-17T05:06:00.000Z","0.985",,"0.188",,"1.172"
"2025-09-17T05:07:00.000Z","0.813",,"0.288","0.146","1.023"
"2025-09-17T05:08:00.000Z","0.856",,"0.186","0.04","1.042"
"2025-09-17T05:09:00.000Z","0.818",,"0.164","0.047","0.951"
"2025-09-17T05:10:00.000Z","0.759",,"0.305",,"1.069"
"2025-09-17T05:11:00.000Z","0.75",,"0.325",,"1.071"
"2025-09-17T05:12:00.000Z","0.76",,"0.272",,"1.033"
"2025-09-17T05:13:00.000Z","0.766",,"0.201",,"0.969"
"2025-09-17T05:14:00.000Z","0.757",,"0.198",,"0.955"
"2025-09-17T05:15:00.000Z","0.763",,"0.155",,"0.915"
"2025-09-17T05:16:00.000Z","0.76",,"0.135",,"0.898"
"2025-09-17T05:17:00.000Z","0.774",,"0.1",,"0.87"
"2025-09-17T05:18:00.000Z","0.765",,"0.105",,"0.869"
"2025-09-17T05:19:00.000Z","0.767",,"0.083",,"0.848"
"2025-09-17T05:20:00.000Z","0.766",,"0.062","0.071","0.822"
"2025-09-17T05:21:00.000Z","0.826",,,"0.279","0.535"
"2025-09-17T05:22:00.000Z","0.806",,,"0.179","0.649"
"2025-09-17T05:23:00.000Z","0.908",,,"0.205","0.695"
"2025-09-17T05:24:00.000Z","1.005",,,"0.406","0.587"
"2025-09-17T05:25:00.000Z","1.021",,,"0.3","0.722"
"2025-09-17T05:26:00.000Z","1.038",,,"0.293","0.745"
"2025-09-17T05:27:00.000Z","1.114",,,"0.373","0.737"
"2025-09-17T05:28:00.000Z","1.083",,,"0.202","0.889"
"2025-09-17T05:29:00.000Z","1.1",,,"0.206","0.898"
"2025-09-17T05:30:00.000Z","1.175",,,"0.45","0.722"
"2025-09-17T05:31:00.000Z","1.101",,,"0.302","0.795"
"2025-09-17T05:32:00.000Z","1.174",,,"0.349","0.83"
"2025-09-17T05:33:00.000Z","1.241",,,"0.572","0.673"
"2025-09-17T05:34:00.000Z","1.256",,,"0.522","0.727"
"2025-09-17T05:35:00.000Z","1.255",,,"0.63","0.608"
"2025-09-17T05:36:00.000Z","1.222",,,"0.66","0.571"
"2025-09-17T05:37:00.000Z","1.237",,,"0.611","0.621"
"2025-09-17T05:38:00.000Z","1.246",,,"0.688","0.55"
"2025-09-17T05:39:00.000Z","1.274",,,"0.78","0.489"
"2025-09-17T05:40:00.000Z","1.32",,,"0.866","0.471"
"2025-09-17T05:41:00.000Z","1.316",,,"0.88","0.436"
"2025-09-17T05:42:00.000Z","1.282",,,"0.878","0.406"
"2025-09-17T05:43:00.000Z","1.29",,,"0.935","0.354"
"2025-09-17T05:44:00.000Z","1.293",,,"0.947","0.346"
"2025-09-17T05:45:00.000Z","1.305",,,"1","0.302"
"2025-09-17T05:46:00.000Z","1.282",,,"0.988","0.291"
"2025-09-17T05:47:00.000Z","1.296",,,"1.02","0.278"
"2025-09-17T05:48:00.000Z","1.289",,,"1.014","0.274"
"2025-09-17T05:49:00.000Z","1.269",,,"1.005","0.262"
"2025-09-17T05:50:00.000Z","1.298",,,"1.04","0.257"
"2025-09-17T05:51:00.000Z","1.245",,,"0.99","0.252"
"2025-09-17T05:52:00.000Z","1.176",,,"0.941","0.235"
"2025-09-17T05:53:00.000Z","1.2",,,"0.959","0.241"
"2025-09-17T05:54:00.000Z","1.245",,,"0.995","0.254"
"2025-09-17T05:55:00.000Z","1.343",,,"1.083","0.265"
"2025-09-17T05:56:00.000Z","1.418",,,"1.172","0.267"
"2025-09-17T05:57:00.000Z","1.407",,,"1.146","0.258"
"2025-09-17T05:58:00.000Z","1.357",,,"1.11","0.246"
"2025-09-17T05:59:00.000Z","1.352",,,"1.117","0.235"
"2025-09-17T06:00:00.000Z","1.353",,,"1.13","0.221"
"2025-09-17T06:01:00.000Z","1.353",,,"1.143","0.209"
"2025-09-17T06:02:00.000Z","1.334",,,"1.135","0.198"
"2025-09-17T06:03:00.000Z","1.326",,,"1.137","0.19"
"2025-09-17T06:04:00.000Z","1.29",,,"1.104","0.185"
"2025-09-17T06:05:00.000Z","1.29",,,"1.111","0.178"
"2025-09-17T06:06:00.000Z","1.286",,,"1.114","0.173"
"2025-09-17T06:07:00.000Z","1.296",,,"1.126","0.17"
"2025-09-17T06:08:00.000Z","1.291",,,"1.124","0.166"
"2025-09-17T06:09:00.000Z","1.286",,,"1.126","0.158"
"2025-09-17T06:10:00.000Z","1.297",,,"1.146","0.151"
"2025-09-17T06:11:00.000Z","1.316",,,"1.17","0.148"
"2025-09-17T06:12:00.000Z","1.409",,,"1.278","0.147"
"2025-09-17T06:13:00.000Z","1.394",,,"1.241","0.146"
"2025-09-17T06:14:00.000Z","1.34",,,"1.197","0.142"
"2025-09-17T06:15:00.000Z","1.343",,,"1.203","0.141"
"2025-09-17T06:16:00.000Z","1.344",,,"1.206","0.138"
"2025-09-17T06:17:00.000Z","1.346",,,"1.209","0.138"
"2025-09-17T06:18:00.000Z","1.341",,,"1.206","0.134"
"2025-09-17T06:19:00.000Z","1.346",,,"1.214","0.132"
"2025-09-17T06:20:00.000Z","1.349",,,"1.218","0.131"
"2025-09-17T06:21:00.000Z","1.292",,,"1.164","0.126"
"2025-09-17T06:22:00.000Z","1.247",,,"1.122","0.125"
"2025-09-17T06:23:00.000Z","1.248",,,"1.126","0.12"
"2025-09-17T06:24:00.000Z","1.245",,,"1.126","0.118"
"2025-09-17T06:25:00.000Z","1.242",,,"1.127","0.116"
"2025-09-17T06:26:00.000Z","1.24",,,"1.127","0.112"
"2025-09-17T06:27:00.000Z","1.236",,,"1.127","0.11"
"2025-09-17T06:28:00.000Z","1.308",,,"1.212","0.106"
"2025-09-17T06:29:00.000Z","1.283",,,"1.172","0.103"
"2025-09-17T06:30:00.000Z","1.231",,,"1.132","0.099"
"2025-09-17T06:31:00.000Z","1.213",,,"1.118","0.094"
"2025-09-17T06:32:00.000Z","1.213",,,"1.123","0.091"
"2025-09-17T06:33:00.000Z","1.209",,,"1.121","0.087"
"2025-09-17T06:34:00.000Z","1.206",,,"1.12","0.084"
"2025-09-17T06:35:00.000Z","1.205",,,"1.125","0.08"
"2025-09-17T06:36:00.000Z","1.203",,,"1.127","0.076"
"2025-09-17T06:37:00.000Z","1.201",,,"1.128","0.073"
"2025-09-17T06:38:00.000Z","1.194",,,"1.126","0.068"
"2025-09-17T06:39:00.000Z","1.178",,,"1.114","0.06"
"2025-09-17T06:40:00.000Z","1.236",,,"1.181","0.057"
"2025-09-17T06:41:00.000Z","1.24",,,"1.188","0.052"
"2025-09-17T06:42:00.000Z","1.234",,,"1.187","0.047"
"2025-09-17T06:43:00.000Z","1.227",,,"1.185","0.043"
"2025-09-17T06:44:00.000Z","1.329",,,"1.283","0.04"
"2025-09-17T06:45:00.000Z","1.282",,,"1.243","0.038"
"2025-09-17T06:46:00.000Z","1.24",,,"1.22","0.013"
"2025-09-17T06:47:00.000Z","1.243",,,"1.231","0.012"
"2025-09-17T06:48:00.000Z","1.244",,,"1.234","0.005"
"2025-09-17T06:49:00.000Z","1.238",,,"1.238",
"2025-09-17T06:50:00.000Z","1.244",,,"1.244",
"2025-09-17T06:51:00.000Z","1.235",,,"1.235",
"2025-09-17T06:52:00.000Z","1.258",,,"1.258",
"2025-09-17T06:53:00.000Z","1.297",,,"1.297",
"2025-09-17T06:54:00.000Z","1.268",,,"1.268",
"2025-09-17T06:55:00.000Z","1.268",,,"1.268",
"2025-09-17T06:56:00.000Z","1.268",,,"1.268",
"2025-09-17T06:57:00.000Z","1.271",,,"1.271",
"2025-09-17T06:58:00.000Z","1.268",,,"1.268",
"2025-09-17T06:59:00.000Z","1.266",,,"1.266",
"2025-09-17T07:00:00.000Z","1.357",,,"1.357",
"2025-09-17T07:01:00.000Z","1.303",,,"1.303",
"2025-09-17T07:02:00.000Z","1.492",,,"1.492",
"2025-09-17T07:03:00.000Z","1.272",,,"1.272",
"2025-09-17T07:04:00.000Z","1.401",,,"1.401",
"2025-09-17T07:05:00.000Z","1.412",,,"1.412",
"2025-09-17T07:06:00.000Z","1.558",,,"1.558",
"2025-09-17T07:07:00.000Z","1.551",,,"1.551",
"2025-09-17T07:08:00.000Z","1.514",,,"1.514",
"2025-09-17T07:09:00.000Z","1.511",,,"1.511",
"2025-09-17T07:10:00.000Z","1.807",,,"1.807",
"2025-09-17T07:11:00.000Z","3.702",,,"3.702",
"2025-09-17T07:12:00.000Z","3.672",,,"3.672",
"2025-09-17T07:13:00.000Z","3.674",,,"3.674",
"2025-09-17T07:14:00.000Z","3.619",,,"3.619",
"2025-09-17T07:15:00.000Z","3.62",,,"3.62",
"2025-09-17T07:16:00.000Z","3.698",,,"3.698",
"2025-09-17T07:17:00.000Z","3.913",,,"3.913",
"2025-09-17T07:18:00.000Z","3.33",,,"3.33",
"2025-09-17T07:19:00.000Z","2.465",,,"2.465",
"2025-09-17T07:20:00.000Z","3.132",,,"3.132",
"2025-09-17T07:21:00.000Z","2.191",,,"2.191",
"2025-09-17T07:22:00.000Z","2.256",,,"2.256",
"2025-09-17T07:23:00.000Z","3.294",,,"3.294",
"2025-09-17T07:24:00.000Z","2.347",,,"2.347",
"2025-09-17T07:25:00.000Z","2.509",,,"2.509",
"2025-09-17T07:26:00.000Z","3.836",,,"3.836",
"2025-09-17T07:27:00.000Z","2.709",,,"2.709",
"2025-09-17T07:28:00.000Z","2.751",,,"2.751",
"2025-09-17T07:29:00.000Z","2.743",,,"2.743",
"2025-09-17T07:30:00.000Z","2.764",,,"2.764",
"2025-09-17T07:31:00.000Z","3.2",,,"3.2",
"2025-09-17T07:32:00.000Z","3.79",,,"3.79",
"2025-09-17T07:33:00.000Z","2.955",,,"2.955",
"2025-09-17T07:34:00.000Z","3.053",,,"3.053",
"2025-09-17T07:35:00.000Z","5.168",,,"5.168",
"2025-09-17T07:36:00.000Z","4.326",,,"4.326",
"2025-09-17T07:37:00.000Z","4.086",,,"4.086",
"2025-09-17T07:38:00.000Z","3.984",,,"3.984",
"2025-09-17T07:39:00.000Z","3.501",,,"3.501",
"2025-09-17T07:40:00.000Z","3.489",,,"3.489",
"2025-09-17T07:41:00.000Z","4.783",,,"4.783",
"2025-09-17T07:42:00.000Z","2.657",,,"2.657",
"2025-09-17T07:43:00.000Z","4.79",,,"4.79",
"2025-09-17T07:44:00.000Z","2.653",,,"2.653",
"2025-09-17T07:45:00.000Z","2.656",,,"2.656",
"2025-09-17T07:46:00.000Z","2.662",,,"2.662",
"2025-09-17T07:47:00.000Z","2.667",,,"2.667",
"2025-09-17T07:48:00.000Z","2.816",,,"2.816",
"2025-09-17T07:49:00.000Z","2.742",,,"2.742",
"2025-09-17T07:50:00.000Z","2.572",,,"2.572",
"2025-09-17T07:51:00.000Z","2.551",,,"2.551",
"2025-09-17T07:52:00.000Z","2.537",,,"2.537",
"2025-09-17T07:53:00.000Z","2.465",,,"2.465",
"2025-09-17T07:54:00.000Z","2.48",,,"2.48",
"2025-09-17T07:55:00.000Z","2.522",,,"2.522",
"2025-09-17T07:56:00.000Z","2.526",,,"2.526",
"2025-09-17T07:57:00.000Z","2.564",,,"2.564",
"2025-09-17T07:58:00.000Z","2.593",,,"2.593",
"2025-09-17T07:59:00.000Z","2.632",,,"2.632",
"2025-09-17T08:00:00.000Z","2.664",,,"2.664",
"2025-09-17T08:01:00.000Z","2.657",,,"2.657",
"2025-09-17T08:02:00.000Z","2.677",,,"2.677",
"2025-09-17T08:03:00.000Z","2.674",,,"2.674",
"2025-09-17T08:04:00.000Z","2.758",,,"2.758",
"2025-09-17T08:05:00.000Z","2.709",,,"2.709",
"2025-09-17T08:06:00.000Z","2.67",,,"2.67",
"2025-09-17T08:07:00.000Z","1.887",,,"1.887",
"2025-09-17T08:08:00.000Z","1.619",,,"1.619",
"2025-09-17T08:09:00.000Z","1.605",,,"1.605",
"2025-09-17T08:10:00.000Z","1.611",,,"1.611",
"2025-09-17T08:11:00.000Z","1.612",,,"1.612",
"2025-09-17T08:12:00.000Z","1.615",,,"1.615",
"2025-09-17T08:13:00.000Z","1.608",,,"1.608",
"2025-09-17T08:14:00.000Z","1.607",,,"1.607",
"2025-09-17T08:15:00.000Z","1.605",,,"1.605",
"2025-09-17T08:16:00.000Z","1.545",,,"1.545",
"2025-09-17T08:17:00.000Z","1.245",,,"1.245",
"2025-09-17T08:18:00.000Z","1.209",,,"1.209",
"2025-09-17T08:19:00.000Z","1.227",,,"1.227",
"2025-09-17T08:20:00.000Z","1.32",,,"1.32",
"2025-09-17T08:21:00.000Z","1.266",,,"1.266",
"2025-09-17T08:22:00.000Z","1.188",,,"1.188",
"2025-09-17T08:23:00.000Z","1.151",,,"1.151",
"2025-09-17T08:24:00.000Z","1.148",,,"1.148",
"2025-09-17T08:25:00.000Z","1.158",,,"1.158",
"2025-09-17T08:26:00.000Z","1.157",,,"1.157",
"2025-09-17T08:27:00.000Z","1.151",,,"1.151",
"2025-09-17T08:28:00.000Z","1.122",,,"1.122",
"2025-09-17T08:29:00.000Z","1.125",,,"1.125",
"2025-09-17T08:30:00.000Z","1.185",,,"1.185",
"2025-09-17T08:31:00.000Z","1.189",,,"1.189",
"2025-09-17T08:32:00.000Z","1.187",,,"1.187",
"2025-09-17T08:33:00.000Z","1.143",,,"1.143",
"2025-09-17T08:34:00.000Z","1.167",,,"1.167",
"2025-09-17T08:35:00.000Z","3.371",,,"3.371",
"2025-09-17T08:36:00.000Z","3.699",,,"3.699",
"2025-09-17T08:37:00.000Z","1.687",,,"1.687",
"2025-09-17T08:38:00.000Z","1.17",,,"1.17",
"2025-09-17T08:39:00.000Z","1.186",,,"1.186",
"2025-09-17T08:40:00.000Z","1.998",,,"1.998",
"2025-09-17T08:41:00.000Z","2.189",,,"2.189",
"2025-09-17T08:42:00.000Z","2.154",,,"2.154",
"2025-09-17T08:43:00.000Z","2.145",,,"2.145",
"2025-09-17T08:44:00.000Z","2.151",,,"2.151",
"2025-09-17T08:45:00.000Z","2.145",,,"2.145",
"2025-09-17T08:46:00.000Z","2.14",,,"2.14",
"2025-09-17T08:47:00.000Z","2.136",,,"2.136",
"2025-09-17T08:48:00.000Z","2.147",,,"2.147",
"2025-09-17T08:49:00.000Z","2.152",,,"2.152",
"2025-09-17T08:50:00.000Z","2.172",,,"2.172",
"2025-09-17T08:51:00.000Z","2.182",,,"2.182",
"2025-09-17T08:52:00.000Z","2.262",,,"2.262",
"2025-09-17T08:53:00.000Z","2.219",,,"2.219",
"2025-09-17T08:54:00.000Z","2.167",,,"2.167",
"2025-09-17T08:55:00.000Z","2.508",,,"2.508",
"2025-09-17T08:56:00.000Z","4.279",,,"4.279",
"2025-09-17T08:57:00.000Z","4.279",,,"4.279",
"2025-09-17T08:58:00.000Z","2.514",,,"2.514",
"2025-09-17T08:59:00.000Z","2.136",,,"2.136",
"2025-09-17T09:00:00.000Z","3.596",,,"3.596",
"2025-09-17T09:01:00.000Z","4.18",,,"4.18",
"2025-09-17T09:02:00.000Z","4.177",,,"4.177",
"2025-09-17T09:03:00.000Z","4.2",,,"4.2",
"2025-09-17T09:04:00.000Z","4.126",,,"4.126",
"2025-09-17T09:05:00.000Z","4.117",,,"4.117",
"2025-09-17T09:06:00.000Z","4.13",,,"4.13",
"2025-09-17T09:07:00.000Z","4.122",,,"4.122",
"2025-09-17T09:08:00.000Z","4.221",,,"4.221",
"2025-09-17T09:09:00.000Z","4.165",,,"4.165",
"2025-09-17T09:10:00.000Z","4.116",,,"4.116",
"2025-09-17T09:11:00.000Z","4.128",,,"4.128",
"2025-09-17T09:12:00.000Z","4.109",,,"4.109",
"2025-09-17T09:13:00.000Z","4.051",,,"4.051",
"2025-09-17T09:14:00.000Z","4.051",,,"4.051",
"2025-09-17T09:15:00.000Z","4.046",,,"4.046",
"2025-09-17T09:16:00.000Z","4.041",,,"4.041",
"2025-09-17T09:17:00.000Z","4.03",,,"4.03",
"2025-09-17T09:18:00.000Z","4.028",,,"4.028",
"2025-09-17T09:19:00.000Z","4.025",,,"4.025",
"2025-09-17T09:20:00.000Z","4.031",,,"4.031",
"2025-09-17T09:21:00.000Z","4.048",,,"4.048",
"2025-09-17T09:22:00.000Z","4.051",,,"4.051",
"2025-09-17T09:23:00.000Z","4.057",,,"4.057",
"2025-09-17T09:24:00.000Z","4.147",,,"4.147",
"2025-09-17T09:25:00.000Z","4.097",,,"4.097",
"2025-09-17T09:26:00.000Z","4.068",,,"4.068",
"2025-09-17T09:27:00.000Z","4.066",,,"4.066",
"2025-09-17T09:28:00.000Z","4.059",,,"4.059",
"2025-09-17T09:29:00.000Z","4.074",,,"4.074",
"2025-09-17T09:30:00.000Z","4.104",,,"4.104",
"2025-09-17T09:31:00.000Z","4.104",,,"4.104",
"2025-09-17T09:32:00.000Z","4.156",,,"4.156",
"2025-09-17T09:33:00.000Z","4.405",,,"4.405",
"2025-09-17T09:34:00.000Z","6.518",,,"6.518",
"2025-09-17T09:35:00.000Z","5.159",,,"5.159",
"2025-09-17T09:36:00.000Z","4.192",,,"4.192",
"2025-09-17T09:37:00.000Z","4.181",,,"4.181",
"2025-09-17T09:38:00.000Z","4.208",,,"4.208",
"2025-09-17T09:39:00.000Z","4.24",,,"4.24",
"2025-09-17T09:40:00.000Z","4.355",,,"4.355",
"2025-09-17T09:41:00.000Z","4.275",,,"4.275",
"2025-09-17T09:42:00.000Z","4.096",,,"4.096",
"2025-09-17T09:43:00.000Z","4.034",,,"4.034",
"2025-09-17T09:44:00.000Z","4.041",,,"4.041",
"2025-09-17T09:45:00.000Z","4.039",,,"4.039",
"2025-09-17T09:46:00.000Z","4.039",,,"4.039",
"2025-09-17T09:47:00.000Z","4.037",,,"4.037",
"2025-09-17T09:48:00.000Z","4.035",,,"4.035",
"2025-09-17T09:49:00.000Z","4.036",,,"4.036",
"2025-09-17T09:50:00.000Z","4.033",,,"4.033",
"2025-09-17T09:51:00.000Z","4.047",,,"4.047",
"2025-09-17T09:52:00.000Z","4.053",,,"4.053",
"2025-09-17T09:53:00.000Z","4.052",,,"4.052",
"2025-09-17T09:54:00.000Z","4.056",,,"4.056",
"2025-09-17T09:55:00.000Z","4.056",,,"4.056",
"2025-09-17T09:56:00.000Z","4.144",,,"4.144",
"2025-09-17T09:57:00.000Z","4.104",,,"4.104",
"2025-09-17T09:58:00.000Z","4.055",,,"4.055",
"2025-09-17T09:59:00.000Z","4.056",,,"4.056",
"2025-09-17T10:00:00.000Z","4.075",,,"4.075",
"2025-09-17T10:01:00.000Z","4.077",,,"4.077",
"2025-09-17T10:02:00.000Z","4.087",,,"4.087",
"2025-09-17T10:03:00.000Z","4.069",,,"4.069",
"2025-09-17T10:04:00.000Z","4.059",,,"4.059",
"2025-09-17T10:05:00.000Z","4.054",,,"4.054",
"2025-09-17T10:06:00.000Z","4.071",,,"4.071",
"2025-09-17T10:07:00.000Z","4.088",,,"4.088",
"2025-09-17T10:08:00.000Z","4.089",,,"4.089",
"2025-09-17T10:09:00.000Z","3.83",,,"3.83",
"2025-09-17T10:10:00.000Z","3.041",,,"3.041",
"2025-09-17T10:11:00.000Z","3.042",,,"3.042",
"2025-09-17T10:12:00.000Z","3.138",,,"3.138",
"2025-09-17T10:13:00.000Z","3.096",,,"3.096",
"2025-09-17T10:14:00.000Z","3.043",,,"3.043",
"2025-09-17T10:15:00.000Z","3.04",,,"3.04",
"2025-09-17T10:16:00.000Z","3.027",,,"3.027",
"2025-09-17T10:17:00.000Z","2.977",,,"2.977",
"2025-09-17T10:18:00.000Z","2.95",,,"2.95",
"2025-09-17T10:19:00.000Z","2.995",,,"2.995",
"2025-09-17T10:20:00.000Z","2.913",,,"2.913",
"2025-09-17T10:21:00.000Z","2.919",,,"2.919",
"2025-09-17T10:22:00.000Z","2.927",,,"2.927",
"2025-09-17T10:23:00.000Z","2.856",,,"2.856",
"2025-09-17T10:24:00.000Z","2.836",,,"2.836",
"2025-09-17T10:25:00.000Z","2.829",,,"2.829",
"2025-09-17T10:26:00.000Z","2.833",,,"2.833",
"2025-09-17T10:27:00.000Z","2.831",,,"2.831",
"2025-09-17T10:28:00.000Z","2.925",,,"2.925",
"2025-09-17T10:29:00.000Z","2.873",,,"2.873",
"2025-09-17T10:30:00.000Z","2.843",,,"2.843",
"2025-09-17T10:31:00.000Z","2.845",,,"2.845",
"2025-09-17T10:32:00.000Z","2.849",,,"2.849",
"2025-09-17T10:33:00.000Z","2.851",,,"2.851",
"2025-09-17T10:34:00.000Z","2.858",,,"2.858",
"2025-09-17T10:35:00.000Z","2.858",,,"2.858",
"2025-09-17T10:36:00.000Z","2.852",,,"2.852",
"2025-09-17T10:37:00.000Z","2.833",,,"2.833",
"2025-09-17T10:38:00.000Z","2.833",,,"2.833",
"2025-09-17T10:39:00.000Z","2.826",,,"2.826",
"2025-09-17T10:40:00.000Z","2.829",,,"2.829",
"2025-09-17T10:41:00.000Z","2.822",,,"2.822",
"2025-09-17T10:42:00.000Z","2.82",,,"2.82",
"2025-09-17T10:43:00.000Z","2.818",,,"2.818",
"2025-09-17T10:44:00.000Z","2.899",,,"2.899",
"2025-09-17T10:45:00.000Z","2.861",,,"2.861",
"2025-09-17T10:46:00.000Z","2.823",,,"2.823",
"2025-09-17T10:47:00.000Z","2.825",,,"2.825",
"2025-09-17T10:48:00.000Z","2.825",,,"2.825",
"2025-09-17T10:49:00.000Z","2.824",,,"2.824",
"2025-09-17T10:50:00.000Z","2.821",,,"2.821",
"2025-09-17T10:51:00.000Z","2.823",,,"2.823",
"2025-09-17T10:52:00.000Z","2.825",,,"2.825",
"2025-09-17T10:53:00.000Z","2.824",,,"2.824",
"2025-09-17T10:54:00.000Z","2.822",,,"2.822",
"2025-09-17T10:55:00.000Z","2.781",,,"2.781",
"2025-09-17T10:56:00.000Z","2.755",,,"2.755",
"2025-09-17T10:57:00.000Z","2.749",,,"2.749",
"2025-09-17T10:58:00.000Z","2.747",,,"2.747",
"2025-09-17T10:59:00.000Z","2.76",,,"2.76",
"2025-09-17T11:00:00.000Z","2.799",,,"2.799",
"2025-09-17T11:01:00.000Z","2.743",,,"2.743",
"2025-09-17T11:02:00.000Z","2.706",,,"2.706",
"2025-09-17T11:03:00.000Z","2.717",,,"2.717",
"2025-09-17T11:04:00.000Z","2.735",,,"2.735",
"2025-09-17T11:05:00.000Z","2.74",,,"2.74",
"2025-09-17T11:06:00.000Z","2.754",,,"2.754",
"2025-09-17T11:07:00.000Z","2.752",,,"2.752",
"2025-09-17T11:08:00.000Z","2.75",,,"2.75",
"2025-09-17T11:09:00.000Z","2.746",,,"2.746",
"2025-09-17T11:10:00.000Z","2.75",,,"2.75",
"2025-09-17T11:11:00.000Z","2.75",,,"2.75",
"2025-09-17T11:12:00.000Z","2.38",,,"2.38",
"2025-09-17T11:13:00.000Z","0.733",,,"0.733",
"2025-09-17T11:14:00.000Z","0.726",,,"0.726",
"2025-09-17T11:15:00.000Z","0.726",,,"0.726",
"2025-09-17T11:16:00.000Z","0.826",,,"0.826",
"2025-09-17T11:17:00.000Z","0.765",,,"0.765",
"2025-09-17T11:18:00.000Z","0.98",,,"0.98",
"2025-09-17T11:19:00.000Z","2.744",,,"2.744",
"2025-09-17T11:20:00.000Z","2.759",,,"2.759",
"2025-09-17T11:21:00.000Z","2.764",,,"2.764",
"2025-09-17T11:22:00.000Z","2.763",,,"2.763",
"2025-09-17T11:23:00.000Z","2.766",,,"2.766",
"2025-09-17T11:24:00.000Z","2.772",,,"2.772",
"2025-09-17T11:25:00.000Z","2.772",,,"2.772",
"2025-09-17T11:26:00.000Z","2.792",,,"2.792",
"2025-09-17T11:27:00.000Z","2.784",,,"2.784",
"2025-09-17T11:28:00.000Z","2.77",,,"2.77",
"2025-09-17T11:29:00.000Z","2.775",,,"2.775",
"2025-09-17T11:30:00.000Z","2.773",,,"2.773",
"2025-09-17T11:31:00.000Z","2.766",,,"2.766",
"2025-09-17T11:32:00.000Z","2.88",,,"2.88",
"2025-09-17T11:33:00.000Z","2.903",,,"2.903",
"2025-09-17T11:34:00.000Z","2.86",,,"2.86",
"2025-09-17T11:35:00.000Z","2.856",,,"2.856",
"2025-09-17T11:36:00.000Z","2.851",,,"2.851",
"2025-09-17T11:37:00.000Z","2.851",,,"2.851",
"2025-09-17T11:38:00.000Z","2.857",,,"2.857",
"2025-09-17T11:39:00.000Z","2.854",,,"2.854",
"2025-09-17T11:40:00.000Z","2.848",,,"2.848",
"2025-09-17T11:41:00.000Z","2.852",,,"2.852",
"2025-09-17T11:42:00.000Z","2.793",,,"2.793",
"2025-09-17T11:43:00.000Z","2.792",,,"2.792",
"2025-09-17T11:44:00.000Z","2.793",,,"2.793",
"2025-09-17T11:45:00.000Z","2.795",,,"2.795",
"2025-09-17T11:46:00.000Z","2.798",,,"2.798",
"2025-09-17T11:47:00.000Z","2.792",,,"2.792",
"2025-09-17T11:48:00.000Z","2.886",,,"2.886",
"2025-09-17T11:49:00.000Z","2.833",,,"2.833",
"2025-09-17T11:50:00.000Z","2.825",,,"2.825",
"2025-09-17T11:51:00.000Z","2.836",,,"2.836",
"2025-09-17T11:52:00.000Z","2.844",,,"2.844",
"2025-09-17T11:53:00.000Z","2.774",,,"2.774",
"2025-09-17T11:54:00.000Z","2.641",,,"2.641",
"2025-09-17T11:55:00.000Z","2.541",,,"2.541",
"2025-09-17T11:56:00.000Z","2.482",,,"2.482",
"2025-09-17T11:57:00.000Z","2.398",,,"2.398",
"2025-09-17T11:58:00.000Z","2.353",,,"2.353",
"2025-09-17T11:59:00.000Z","2.286",,,"2.286",
